graph_id,split,group,reason
week17_cycle_square_c8,train,bickle_cycle_square_exact,exact_optimal_bickle_training_family
week17_cycle_square_c11,train,bickle_cycle_square_exact,exact_optimal_bickle_training_family
week17_cycle_square_c14,train,bickle_cycle_square_exact,exact_optimal_bickle_training_family
week17_cycle_square_c17,test,bickle_cycle_square_exact,held_out_test_hard_case
week17_cycle_square_c20,test,bickle_cycle_square_exact,held_out_test_hard_case
week17_cycle_square_c23,train,bickle_cycle_square_exact,exact_optimal_bickle_training_family
week17_cycle_square_c26,train,bickle_cycle_square_exact,exact_optimal_bickle_training_family
week17_cycle_square_c29,train,bickle_cycle_square_exact,exact_optimal_bickle_training_family
week17_cycle_square_c32,validation,bickle_cycle_square_exact,exact_optimal_bickle_validation_family
