source_csv,graph_id,num_orderings_tested,best_colors,worst_colors,spread_best_to_worst,winner_count,winning_orderings,worst_orderings,has_unique_winner,has_nontrivial_spread,DYNAMIC_LARGEST_FIRST,INCIDENCE_DEGREE,LARGEST_FIRST,NATURAL,SMALLEST_LAST
colpack_initial_benchmark.csv,ash85,2,4,5,1,1,SMALLEST_LAST,LARGEST_FIRST,True,False,,,5.0,,4.0
colpack_initial_benchmark.csv,can_24,2,4,5,1,1,SMALLEST_LAST,LARGEST_FIRST,True,False,,,5.0,,4.0
colpack_initial_benchmark.csv,hess_pat,2,6,6,0,2,"LARGEST_FIRST, SMALLEST_LAST","LARGEST_FIRST, SMALLEST_LAST",False,False,,,6.0,,6.0
colpack_initial_benchmark.csv,hess_pat_small,2,3,3,0,2,"LARGEST_FIRST, SMALLEST_LAST","LARGEST_FIRST, SMALLEST_LAST",False,False,,,3.0,,3.0
colpack_initial_benchmark.csv,jac_pat,2,11,11,0,2,"LARGEST_FIRST, SMALLEST_LAST","LARGEST_FIRST, SMALLEST_LAST",False,False,,,11.0,,11.0
colpack_week14_expanded_benchmark.csv,ash85,3,4,5,1,1,SMALLEST_LAST,"LARGEST_FIRST, NATURAL",True,False,,,5.0,5.0,4.0
colpack_week14_expanded_benchmark.csv,bcsstk01,3,6,6,0,3,"LARGEST_FIRST, NATURAL, SMALLEST_LAST","LARGEST_FIRST, NATURAL, SMALLEST_LAST",False,False,,,6.0,6.0,6.0
colpack_week14_expanded_benchmark.csv,bcsstk03,3,4,4,0,3,"LARGEST_FIRST, NATURAL, SMALLEST_LAST","LARGEST_FIRST, NATURAL, SMALLEST_LAST",False,False,,,4.0,4.0,4.0
colpack_week14_expanded_benchmark.csv,bcsstk04,3,13,16,3,1,LARGEST_FIRST,NATURAL,True,True,,,13.0,16.0,15.0
colpack_week14_expanded_benchmark.csv,bcsstk05,3,9,11,2,1,SMALLEST_LAST,LARGEST_FIRST,True,True,,,11.0,10.0,9.0
colpack_week14_expanded_benchmark.csv,bcsstk06,3,13,15,2,2,"LARGEST_FIRST, SMALLEST_LAST",NATURAL,False,True,,,13.0,15.0,13.0
colpack_week14_expanded_benchmark.csv,can_24,3,4,6,2,1,SMALLEST_LAST,NATURAL,True,True,,,5.0,6.0,4.0
colpack_week14_expanded_benchmark.csv,dwt_234,3,3,3,0,3,"LARGEST_FIRST, NATURAL, SMALLEST_LAST","LARGEST_FIRST, NATURAL, SMALLEST_LAST",False,False,,,3.0,3.0,3.0
colpack_week14_expanded_benchmark.csv,dwt_361,3,5,5,0,3,"LARGEST_FIRST, NATURAL, SMALLEST_LAST","LARGEST_FIRST, NATURAL, SMALLEST_LAST",False,False,,,5.0,5.0,5.0
colpack_week14_expanded_benchmark.csv,dwt_419,3,6,8,2,1,SMALLEST_LAST,NATURAL,True,True,,,7.0,8.0,6.0
colpack_week14_expanded_benchmark.csv,hess_pat,3,6,7,1,2,"LARGEST_FIRST, SMALLEST_LAST",NATURAL,False,False,,,6.0,7.0,6.0
colpack_week14_expanded_benchmark.csv,hess_pat_small,3,3,4,1,2,"LARGEST_FIRST, SMALLEST_LAST",NATURAL,False,False,,,3.0,4.0,3.0
colpack_week14_expanded_benchmark.csv,jac_pat,3,11,11,0,3,"LARGEST_FIRST, NATURAL, SMALLEST_LAST","LARGEST_FIRST, NATURAL, SMALLEST_LAST",False,False,,,11.0,11.0,11.0
colpack_week14_expanded_benchmark.csv,sherman1,3,2,4,2,1,SMALLEST_LAST,LARGEST_FIRST,True,True,,,4.0,3.0,2.0
colpack_week14_expanded_benchmark.csv,west0479,3,6,8,2,2,"LARGEST_FIRST, SMALLEST_LAST",NATURAL,False,True,,,6.0,8.0,6.0
colpack_week15_extra_orderings_benchmark.csv,ash85,2,4,5,1,1,INCIDENCE_DEGREE,DYNAMIC_LARGEST_FIRST,True,False,5.0,4.0,,,
colpack_week15_extra_orderings_benchmark.csv,bcsstk01,2,6,6,0,2,"DYNAMIC_LARGEST_FIRST, INCIDENCE_DEGREE","DYNAMIC_LARGEST_FIRST, INCIDENCE_DEGREE",False,False,6.0,6.0,,,
colpack_week15_extra_orderings_benchmark.csv,bcsstk03,2,4,4,0,2,"DYNAMIC_LARGEST_FIRST, INCIDENCE_DEGREE","DYNAMIC_LARGEST_FIRST, INCIDENCE_DEGREE",False,False,4.0,4.0,,,
colpack_week15_extra_orderings_benchmark.csv,bcsstk04,2,13,14,1,1,DYNAMIC_LARGEST_FIRST,INCIDENCE_DEGREE,True,False,13.0,14.0,,,
colpack_week15_extra_orderings_benchmark.csv,bcsstk05,2,9,9,0,2,"DYNAMIC_LARGEST_FIRST, INCIDENCE_DEGREE","DYNAMIC_LARGEST_FIRST, INCIDENCE_DEGREE",False,False,9.0,9.0,,,
colpack_week15_extra_orderings_benchmark.csv,bcsstk06,2,12,13,1,1,DYNAMIC_LARGEST_FIRST,INCIDENCE_DEGREE,True,False,12.0,13.0,,,
colpack_week15_extra_orderings_benchmark.csv,can_24,2,4,5,1,1,INCIDENCE_DEGREE,DYNAMIC_LARGEST_FIRST,True,False,5.0,4.0,,,
colpack_week15_extra_orderings_benchmark.csv,dwt_234,2,3,3,0,2,"DYNAMIC_LARGEST_FIRST, INCIDENCE_DEGREE","DYNAMIC_LARGEST_FIRST, INCIDENCE_DEGREE",False,False,3.0,3.0,,,
colpack_week15_extra_orderings_benchmark.csv,dwt_361,2,5,8,3,1,INCIDENCE_DEGREE,DYNAMIC_LARGEST_FIRST,True,True,8.0,5.0,,,
colpack_week15_extra_orderings_benchmark.csv,dwt_419,2,6,7,1,1,INCIDENCE_DEGREE,DYNAMIC_LARGEST_FIRST,True,False,7.0,6.0,,,
colpack_week15_extra_orderings_benchmark.csv,hess_pat,2,6,6,0,2,"DYNAMIC_LARGEST_FIRST, INCIDENCE_DEGREE","DYNAMIC_LARGEST_FIRST, INCIDENCE_DEGREE",False,False,6.0,6.0,,,
colpack_week15_extra_orderings_benchmark.csv,hess_pat_small,2,3,3,0,2,"DYNAMIC_LARGEST_FIRST, INCIDENCE_DEGREE","DYNAMIC_LARGEST_FIRST, INCIDENCE_DEGREE",False,False,3.0,3.0,,,
colpack_week15_extra_orderings_benchmark.csv,jac_pat,2,11,11,0,2,"DYNAMIC_LARGEST_FIRST, INCIDENCE_DEGREE","DYNAMIC_LARGEST_FIRST, INCIDENCE_DEGREE",False,False,11.0,11.0,,,
colpack_week15_extra_orderings_benchmark.csv,sherman1,2,2,4,2,1,INCIDENCE_DEGREE,DYNAMIC_LARGEST_FIRST,True,True,4.0,2.0,,,
colpack_week15_extra_orderings_benchmark.csv,west0479,2,6,6,0,2,"DYNAMIC_LARGEST_FIRST, INCIDENCE_DEGREE","DYNAMIC_LARGEST_FIRST, INCIDENCE_DEGREE",False,False,6.0,6.0,,,
colpack_week15_five_ordering_benchmark.csv,ash85,5,4,5,1,2,"INCIDENCE_DEGREE, SMALLEST_LAST","DYNAMIC_LARGEST_FIRST, LARGEST_FIRST, NATURAL",False,False,5.0,4.0,5.0,5.0,4.0
colpack_week15_five_ordering_benchmark.csv,bcsstk01,5,6,6,0,5,"DYNAMIC_LARGEST_FIRST, INCIDENCE_DEGREE, LARGEST_FIRST, NATURAL, SMALLEST_LAST","DYNAMIC_LARGEST_FIRST, INCIDENCE_DEGREE, LARGEST_FIRST, NATURAL, SMALLEST_LAST",False,False,6.0,6.0,6.0,6.0,6.0
colpack_week15_five_ordering_benchmark.csv,bcsstk03,5,4,4,0,5,"DYNAMIC_LARGEST_FIRST, INCIDENCE_DEGREE, LARGEST_FIRST, NATURAL, SMALLEST_LAST","DYNAMIC_LARGEST_FIRST, INCIDENCE_DEGREE, LARGEST_FIRST, NATURAL, SMALLEST_LAST",False,False,4.0,4.0,4.0,4.0,4.0
colpack_week15_five_ordering_benchmark.csv,bcsstk04,5,13,16,3,2,"DYNAMIC_LARGEST_FIRST, LARGEST_FIRST",NATURAL,False,True,13.0,14.0,13.0,16.0,15.0
colpack_week15_five_ordering_benchmark.csv,bcsstk05,5,9,11,2,3,"DYNAMIC_LARGEST_FIRST, INCIDENCE_DEGREE, SMALLEST_LAST",LARGEST_FIRST,False,True,9.0,9.0,11.0,10.0,9.0
colpack_week15_five_ordering_benchmark.csv,bcsstk06,5,12,15,3,1,DYNAMIC_LARGEST_FIRST,NATURAL,True,True,12.0,13.0,13.0,15.0,13.0
colpack_week15_five_ordering_benchmark.csv,can_24,5,4,6,2,2,"INCIDENCE_DEGREE, SMALLEST_LAST",NATURAL,False,True,5.0,4.0,5.0,6.0,4.0
colpack_week15_five_ordering_benchmark.csv,dwt_234,5,3,3,0,5,"DYNAMIC_LARGEST_FIRST, INCIDENCE_DEGREE, LARGEST_FIRST, NATURAL, SMALLEST_LAST","DYNAMIC_LARGEST_FIRST, INCIDENCE_DEGREE, LARGEST_FIRST, NATURAL, SMALLEST_LAST",False,False,3.0,3.0,3.0,3.0,3.0
colpack_week15_five_ordering_benchmark.csv,dwt_361,5,5,8,3,4,"INCIDENCE_DEGREE, LARGEST_FIRST, NATURAL, SMALLEST_LAST",DYNAMIC_LARGEST_FIRST,False,True,8.0,5.0,5.0,5.0,5.0
colpack_week15_five_ordering_benchmark.csv,dwt_419,5,6,8,2,2,"INCIDENCE_DEGREE, SMALLEST_LAST",NATURAL,False,True,7.0,6.0,7.0,8.0,6.0
colpack_week15_five_ordering_benchmark.csv,hess_pat,5,6,7,1,4,"DYNAMIC_LARGEST_FIRST, INCIDENCE_DEGREE, LARGEST_FIRST, SMALLEST_LAST",NATURAL,False,False,6.0,6.0,6.0,7.0,6.0
colpack_week15_five_ordering_benchmark.csv,hess_pat_small,5,3,4,1,4,"DYNAMIC_LARGEST_FIRST, INCIDENCE_DEGREE, LARGEST_FIRST, SMALLEST_LAST",NATURAL,False,False,3.0,3.0,3.0,4.0,3.0
colpack_week15_five_ordering_benchmark.csv,jac_pat,5,11,11,0,5,"DYNAMIC_LARGEST_FIRST, INCIDENCE_DEGREE, LARGEST_FIRST, NATURAL, SMALLEST_LAST","DYNAMIC_LARGEST_FIRST, INCIDENCE_DEGREE, LARGEST_FIRST, NATURAL, SMALLEST_LAST",False,False,11.0,11.0,11.0,11.0,11.0
colpack_week15_five_ordering_benchmark.csv,sherman1,5,2,4,2,2,"INCIDENCE_DEGREE, SMALLEST_LAST","DYNAMIC_LARGEST_FIRST, LARGEST_FIRST",False,True,4.0,2.0,4.0,3.0,2.0
colpack_week15_five_ordering_benchmark.csv,west0479,5,6,8,2,4,"DYNAMIC_LARGEST_FIRST, INCIDENCE_DEGREE, LARGEST_FIRST, SMALLEST_LAST",NATURAL,False,True,6.0,6.0,6.0,8.0,6.0
colpack_week16_larger_graph_benchmark.csv,bcsstk10,5,13,16,3,2,"LARGEST_FIRST, NATURAL",DYNAMIC_LARGEST_FIRST,False,True,16.0,15.0,13.0,13.0,15.0
colpack_week16_larger_graph_benchmark.csv,bcsstk14,5,22,26,4,1,SMALLEST_LAST,DYNAMIC_LARGEST_FIRST,True,True,26.0,23.0,25.0,25.0,22.0
colpack_week16_larger_graph_benchmark.csv,bcsstk15,5,17,19,2,2,"INCIDENCE_DEGREE, SMALLEST_LAST",NATURAL,False,True,18.0,17.0,18.0,19.0,17.0
week17_bickle_exact_family_colpack_benchmark.csv,week17_cycle_square_c11,5,4,5,1,1,DYNAMIC_LARGEST_FIRST,"INCIDENCE_DEGREE, LARGEST_FIRST, NATURAL, SMALLEST_LAST",True,False,4.0,5.0,5.0,5.0,5.0
week17_bickle_exact_family_colpack_benchmark.csv,week17_cycle_square_c14,5,4,5,1,1,DYNAMIC_LARGEST_FIRST,"INCIDENCE_DEGREE, LARGEST_FIRST, NATURAL, SMALLEST_LAST",True,False,4.0,5.0,5.0,5.0,5.0
week17_bickle_exact_family_colpack_benchmark.csv,week17_cycle_square_c17,5,5,5,0,5,"DYNAMIC_LARGEST_FIRST, INCIDENCE_DEGREE, LARGEST_FIRST, NATURAL, SMALLEST_LAST","DYNAMIC_LARGEST_FIRST, INCIDENCE_DEGREE, LARGEST_FIRST, NATURAL, SMALLEST_LAST",False,False,5.0,5.0,5.0,5.0,5.0
week17_bickle_exact_family_colpack_benchmark.csv,week17_cycle_square_c20,5,5,5,0,5,"DYNAMIC_LARGEST_FIRST, INCIDENCE_DEGREE, LARGEST_FIRST, NATURAL, SMALLEST_LAST","DYNAMIC_LARGEST_FIRST, INCIDENCE_DEGREE, LARGEST_FIRST, NATURAL, SMALLEST_LAST",False,False,5.0,5.0,5.0,5.0,5.0
week17_bickle_exact_family_colpack_benchmark.csv,week17_cycle_square_c23,5,4,5,1,1,DYNAMIC_LARGEST_FIRST,"INCIDENCE_DEGREE, LARGEST_FIRST, NATURAL, SMALLEST_LAST",True,False,4.0,5.0,5.0,5.0,5.0
week17_bickle_exact_family_colpack_benchmark.csv,week17_cycle_square_c26,5,5,5,0,5,"DYNAMIC_LARGEST_FIRST, INCIDENCE_DEGREE, LARGEST_FIRST, NATURAL, SMALLEST_LAST","DYNAMIC_LARGEST_FIRST, INCIDENCE_DEGREE, LARGEST_FIRST, NATURAL, SMALLEST_LAST",False,False,5.0,5.0,5.0,5.0,5.0
week17_bickle_exact_family_colpack_benchmark.csv,week17_cycle_square_c29,5,5,5,0,5,"DYNAMIC_LARGEST_FIRST, INCIDENCE_DEGREE, LARGEST_FIRST, NATURAL, SMALLEST_LAST","DYNAMIC_LARGEST_FIRST, INCIDENCE_DEGREE, LARGEST_FIRST, NATURAL, SMALLEST_LAST",False,False,5.0,5.0,5.0,5.0,5.0
week17_bickle_exact_family_colpack_benchmark.csv,week17_cycle_square_c32,5,5,5,0,5,"DYNAMIC_LARGEST_FIRST, INCIDENCE_DEGREE, LARGEST_FIRST, NATURAL, SMALLEST_LAST","DYNAMIC_LARGEST_FIRST, INCIDENCE_DEGREE, LARGEST_FIRST, NATURAL, SMALLEST_LAST",False,False,5.0,5.0,5.0,5.0,5.0
week17_bickle_exact_family_colpack_benchmark.csv,week17_cycle_square_c8,5,4,5,1,1,DYNAMIC_LARGEST_FIRST,"INCIDENCE_DEGREE, LARGEST_FIRST, NATURAL, SMALLEST_LAST",True,False,4.0,5.0,5.0,5.0,5.0
week17_bickle_hard_cases_colpack_benchmark.csv,week17_bickle_g10,5,3,4,1,1,DYNAMIC_LARGEST_FIRST,"INCIDENCE_DEGREE, LARGEST_FIRST, NATURAL, SMALLEST_LAST",True,False,3.0,4.0,4.0,4.0,4.0
week17_bickle_hard_cases_colpack_benchmark.csv,week17_cycle_square_c11,5,4,5,1,1,DYNAMIC_LARGEST_FIRST,"INCIDENCE_DEGREE, LARGEST_FIRST, NATURAL, SMALLEST_LAST",True,False,4.0,5.0,5.0,5.0,5.0
week17_bickle_hard_cases_colpack_benchmark.csv,week17_cycle_square_c14,5,4,5,1,1,DYNAMIC_LARGEST_FIRST,"INCIDENCE_DEGREE, LARGEST_FIRST, NATURAL, SMALLEST_LAST",True,False,4.0,5.0,5.0,5.0,5.0
week17_bickle_hard_cases_colpack_benchmark.csv,week17_cycle_square_c17,5,5,5,0,5,"DYNAMIC_LARGEST_FIRST, INCIDENCE_DEGREE, LARGEST_FIRST, NATURAL, SMALLEST_LAST","DYNAMIC_LARGEST_FIRST, INCIDENCE_DEGREE, LARGEST_FIRST, NATURAL, SMALLEST_LAST",False,False,5.0,5.0,5.0,5.0,5.0
week17_bickle_hard_cases_colpack_benchmark.csv,week17_cycle_square_c20,5,5,5,0,5,"DYNAMIC_LARGEST_FIRST, INCIDENCE_DEGREE, LARGEST_FIRST, NATURAL, SMALLEST_LAST","DYNAMIC_LARGEST_FIRST, INCIDENCE_DEGREE, LARGEST_FIRST, NATURAL, SMALLEST_LAST",False,False,5.0,5.0,5.0,5.0,5.0
week17_bickle_hard_cases_colpack_benchmark.csv,week17_cycle_square_c8,5,4,5,1,1,DYNAMIC_LARGEST_FIRST,"INCIDENCE_DEGREE, LARGEST_FIRST, NATURAL, SMALLEST_LAST",True,False,4.0,5.0,5.0,5.0,5.0
week17_heuristic_gap_colpack_benchmark.csv,week17_gap_cycle_square_c17,5,5,5,0,5,"DYNAMIC_LARGEST_FIRST, INCIDENCE_DEGREE, LARGEST_FIRST, NATURAL, SMALLEST_LAST","DYNAMIC_LARGEST_FIRST, INCIDENCE_DEGREE, LARGEST_FIRST, NATURAL, SMALLEST_LAST",False,False,5.0,5.0,5.0,5.0,5.0
week17_heuristic_gap_colpack_benchmark.csv,week17_gap_cycle_square_c20,5,5,5,0,5,"DYNAMIC_LARGEST_FIRST, INCIDENCE_DEGREE, LARGEST_FIRST, NATURAL, SMALLEST_LAST","DYNAMIC_LARGEST_FIRST, INCIDENCE_DEGREE, LARGEST_FIRST, NATURAL, SMALLEST_LAST",False,False,5.0,5.0,5.0,5.0,5.0
week17_heuristic_gap_colpack_benchmark.csv,week17_gap_cycle_square_c23,5,4,5,1,1,DYNAMIC_LARGEST_FIRST,"INCIDENCE_DEGREE, LARGEST_FIRST, NATURAL, SMALLEST_LAST",True,False,4.0,5.0,5.0,5.0,5.0
week17_heuristic_gap_colpack_benchmark.csv,week17_gap_cycle_square_c26,5,5,5,0,5,"DYNAMIC_LARGEST_FIRST, INCIDENCE_DEGREE, LARGEST_FIRST, NATURAL, SMALLEST_LAST","DYNAMIC_LARGEST_FIRST, INCIDENCE_DEGREE, LARGEST_FIRST, NATURAL, SMALLEST_LAST",False,False,5.0,5.0,5.0,5.0,5.0
week17_heuristic_gap_colpack_benchmark.csv,week17_gap_cycle_square_c29,5,5,5,0,5,"DYNAMIC_LARGEST_FIRST, INCIDENCE_DEGREE, LARGEST_FIRST, NATURAL, SMALLEST_LAST","DYNAMIC_LARGEST_FIRST, INCIDENCE_DEGREE, LARGEST_FIRST, NATURAL, SMALLEST_LAST",False,False,5.0,5.0,5.0,5.0,5.0
week17_heuristic_gap_colpack_benchmark.csv,week17_gap_cycle_square_c32,5,5,5,0,5,"DYNAMIC_LARGEST_FIRST, INCIDENCE_DEGREE, LARGEST_FIRST, NATURAL, SMALLEST_LAST","DYNAMIC_LARGEST_FIRST, INCIDENCE_DEGREE, LARGEST_FIRST, NATURAL, SMALLEST_LAST",False,False,5.0,5.0,5.0,5.0,5.0
week17_heuristic_gap_colpack_benchmark.csv,week17_gap_cycle_square_c35,5,5,5,0,5,"DYNAMIC_LARGEST_FIRST, INCIDENCE_DEGREE, LARGEST_FIRST, NATURAL, SMALLEST_LAST","DYNAMIC_LARGEST_FIRST, INCIDENCE_DEGREE, LARGEST_FIRST, NATURAL, SMALLEST_LAST",False,False,5.0,5.0,5.0,5.0,5.0
week17_heuristic_gap_colpack_benchmark.csv,week17_gap_cycle_square_c38,5,5,5,0,5,"DYNAMIC_LARGEST_FIRST, INCIDENCE_DEGREE, LARGEST_FIRST, NATURAL, SMALLEST_LAST","DYNAMIC_LARGEST_FIRST, INCIDENCE_DEGREE, LARGEST_FIRST, NATURAL, SMALLEST_LAST",False,False,5.0,5.0,5.0,5.0,5.0
week17_heuristic_gap_colpack_benchmark.csv,week17_gap_cycle_square_c41,5,5,5,0,5,"DYNAMIC_LARGEST_FIRST, INCIDENCE_DEGREE, LARGEST_FIRST, NATURAL, SMALLEST_LAST","DYNAMIC_LARGEST_FIRST, INCIDENCE_DEGREE, LARGEST_FIRST, NATURAL, SMALLEST_LAST",False,False,5.0,5.0,5.0,5.0,5.0
week17_heuristic_gap_colpack_benchmark.csv,week17_gap_cycle_square_c44,5,5,5,0,5,"DYNAMIC_LARGEST_FIRST, INCIDENCE_DEGREE, LARGEST_FIRST, NATURAL, SMALLEST_LAST","DYNAMIC_LARGEST_FIRST, INCIDENCE_DEGREE, LARGEST_FIRST, NATURAL, SMALLEST_LAST",False,False,5.0,5.0,5.0,5.0,5.0
week17_heuristic_gap_colpack_benchmark.csv,week17_gap_cycle_square_c47,5,5,5,0,5,"DYNAMIC_LARGEST_FIRST, INCIDENCE_DEGREE, LARGEST_FIRST, NATURAL, SMALLEST_LAST","DYNAMIC_LARGEST_FIRST, INCIDENCE_DEGREE, LARGEST_FIRST, NATURAL, SMALLEST_LAST",False,False,5.0,5.0,5.0,5.0,5.0
week17_heuristic_gap_colpack_benchmark.csv,week17_gap_join_c17_join_2,5,9,10,1,1,DYNAMIC_LARGEST_FIRST,"INCIDENCE_DEGREE, LARGEST_FIRST, NATURAL, SMALLEST_LAST",True,False,9.0,10.0,10.0,10.0,10.0
week17_heuristic_gap_colpack_benchmark.csv,week17_gap_join_c17_join_3,5,13,15,2,1,DYNAMIC_LARGEST_FIRST,"INCIDENCE_DEGREE, LARGEST_FIRST, NATURAL, SMALLEST_LAST",True,True,13.0,15.0,15.0,15.0,15.0
week17_heuristic_gap_colpack_benchmark.csv,week17_gap_join_c20_join_2,5,10,10,0,5,"DYNAMIC_LARGEST_FIRST, INCIDENCE_DEGREE, LARGEST_FIRST, NATURAL, SMALLEST_LAST","DYNAMIC_LARGEST_FIRST, INCIDENCE_DEGREE, LARGEST_FIRST, NATURAL, SMALLEST_LAST",False,False,10.0,10.0,10.0,10.0,10.0
week17_heuristic_gap_colpack_benchmark.csv,week17_gap_join_c20_join_3,5,15,15,0,5,"DYNAMIC_LARGEST_FIRST, INCIDENCE_DEGREE, LARGEST_FIRST, NATURAL, SMALLEST_LAST","DYNAMIC_LARGEST_FIRST, INCIDENCE_DEGREE, LARGEST_FIRST, NATURAL, SMALLEST_LAST",False,False,15.0,15.0,15.0,15.0,15.0
week17_heuristic_gap_colpack_benchmark.csv,week17_gap_join_c20_join_4,5,20,20,0,5,"DYNAMIC_LARGEST_FIRST, INCIDENCE_DEGREE, LARGEST_FIRST, NATURAL, SMALLEST_LAST","DYNAMIC_LARGEST_FIRST, INCIDENCE_DEGREE, LARGEST_FIRST, NATURAL, SMALLEST_LAST",False,False,20.0,20.0,20.0,20.0,20.0
week17_heuristic_gap_colpack_benchmark.csv,week17_gap_join_c20_join_5,5,25,25,0,5,"DYNAMIC_LARGEST_FIRST, INCIDENCE_DEGREE, LARGEST_FIRST, NATURAL, SMALLEST_LAST","DYNAMIC_LARGEST_FIRST, INCIDENCE_DEGREE, LARGEST_FIRST, NATURAL, SMALLEST_LAST",False,False,25.0,25.0,25.0,25.0,25.0
week17_heuristic_gap_colpack_benchmark.csv,week17_gap_join_c26_join_2,5,10,10,0,5,"DYNAMIC_LARGEST_FIRST, INCIDENCE_DEGREE, LARGEST_FIRST, NATURAL, SMALLEST_LAST","DYNAMIC_LARGEST_FIRST, INCIDENCE_DEGREE, LARGEST_FIRST, NATURAL, SMALLEST_LAST",False,False,10.0,10.0,10.0,10.0,10.0
week17_heuristic_gap_colpack_benchmark.csv,week17_gap_join_c26_join_3,5,15,15,0,5,"DYNAMIC_LARGEST_FIRST, INCIDENCE_DEGREE, LARGEST_FIRST, NATURAL, SMALLEST_LAST","DYNAMIC_LARGEST_FIRST, INCIDENCE_DEGREE, LARGEST_FIRST, NATURAL, SMALLEST_LAST",False,False,15.0,15.0,15.0,15.0,15.0
week17_heuristic_gap_colpack_benchmark.csv,week17_gap_join_c26_join_4,5,20,20,0,5,"DYNAMIC_LARGEST_FIRST, INCIDENCE_DEGREE, LARGEST_FIRST, NATURAL, SMALLEST_LAST","DYNAMIC_LARGEST_FIRST, INCIDENCE_DEGREE, LARGEST_FIRST, NATURAL, SMALLEST_LAST",False,False,20.0,20.0,20.0,20.0,20.0
week17_heuristic_gap_colpack_benchmark.csv,week17_gap_join_c26_join_5,5,25,25,0,5,"DYNAMIC_LARGEST_FIRST, INCIDENCE_DEGREE, LARGEST_FIRST, NATURAL, SMALLEST_LAST","DYNAMIC_LARGEST_FIRST, INCIDENCE_DEGREE, LARGEST_FIRST, NATURAL, SMALLEST_LAST",False,False,25.0,25.0,25.0,25.0,25.0
week17_heuristic_gap_colpack_benchmark.csv,week17_gap_join_c29_join_2,5,10,10,0,5,"DYNAMIC_LARGEST_FIRST, INCIDENCE_DEGREE, LARGEST_FIRST, NATURAL, SMALLEST_LAST","DYNAMIC_LARGEST_FIRST, INCIDENCE_DEGREE, LARGEST_FIRST, NATURAL, SMALLEST_LAST",False,False,10.0,10.0,10.0,10.0,10.0
week17_heuristic_gap_colpack_benchmark.csv,week17_gap_join_c29_join_3,5,15,15,0,5,"DYNAMIC_LARGEST_FIRST, INCIDENCE_DEGREE, LARGEST_FIRST, NATURAL, SMALLEST_LAST","DYNAMIC_LARGEST_FIRST, INCIDENCE_DEGREE, LARGEST_FIRST, NATURAL, SMALLEST_LAST",False,False,15.0,15.0,15.0,15.0,15.0
week17_heuristic_gap_colpack_benchmark.csv,week17_gap_join_c29_join_4,5,20,20,0,5,"DYNAMIC_LARGEST_FIRST, INCIDENCE_DEGREE, LARGEST_FIRST, NATURAL, SMALLEST_LAST","DYNAMIC_LARGEST_FIRST, INCIDENCE_DEGREE, LARGEST_FIRST, NATURAL, SMALLEST_LAST",False,False,20.0,20.0,20.0,20.0,20.0
week17_heuristic_gap_colpack_benchmark.csv,week17_gap_join_c29_join_5,5,25,25,0,5,"DYNAMIC_LARGEST_FIRST, INCIDENCE_DEGREE, LARGEST_FIRST, NATURAL, SMALLEST_LAST","DYNAMIC_LARGEST_FIRST, INCIDENCE_DEGREE, LARGEST_FIRST, NATURAL, SMALLEST_LAST",False,False,25.0,25.0,25.0,25.0,25.0
week17_heuristic_gap_colpack_benchmark.csv,week17_gap_join_c32_join_2,5,9,10,1,1,DYNAMIC_LARGEST_FIRST,"INCIDENCE_DEGREE, LARGEST_FIRST, NATURAL, SMALLEST_LAST",True,False,9.0,10.0,10.0,10.0,10.0
week17_heuristic_gap_colpack_benchmark.csv,week17_gap_join_c32_join_3,5,13,15,2,1,DYNAMIC_LARGEST_FIRST,"INCIDENCE_DEGREE, LARGEST_FIRST, NATURAL, SMALLEST_LAST",True,True,13.0,15.0,15.0,15.0,15.0
week17_heuristic_gap_colpack_benchmark.csv,week17_gap_join_c35_join_2,5,10,10,0,5,"DYNAMIC_LARGEST_FIRST, INCIDENCE_DEGREE, LARGEST_FIRST, NATURAL, SMALLEST_LAST","DYNAMIC_LARGEST_FIRST, INCIDENCE_DEGREE, LARGEST_FIRST, NATURAL, SMALLEST_LAST",False,False,10.0,10.0,10.0,10.0,10.0
week17_heuristic_gap_colpack_benchmark.csv,week17_gap_join_c35_join_3,5,15,15,0,5,"DYNAMIC_LARGEST_FIRST, INCIDENCE_DEGREE, LARGEST_FIRST, NATURAL, SMALLEST_LAST","DYNAMIC_LARGEST_FIRST, INCIDENCE_DEGREE, LARGEST_FIRST, NATURAL, SMALLEST_LAST",False,False,15.0,15.0,15.0,15.0,15.0
week17_heuristic_gap_colpack_benchmark.csv,week17_gap_join_c35_join_4,5,20,20,0,5,"DYNAMIC_LARGEST_FIRST, INCIDENCE_DEGREE, LARGEST_FIRST, NATURAL, SMALLEST_LAST","DYNAMIC_LARGEST_FIRST, INCIDENCE_DEGREE, LARGEST_FIRST, NATURAL, SMALLEST_LAST",False,False,20.0,20.0,20.0,20.0,20.0
week17_heuristic_gap_colpack_benchmark.csv,week17_gap_join_c35_join_5,5,25,25,0,5,"DYNAMIC_LARGEST_FIRST, INCIDENCE_DEGREE, LARGEST_FIRST, NATURAL, SMALLEST_LAST","DYNAMIC_LARGEST_FIRST, INCIDENCE_DEGREE, LARGEST_FIRST, NATURAL, SMALLEST_LAST",False,False,25.0,25.0,25.0,25.0,25.0
week17_heuristic_gap_colpack_benchmark.csv,week17_gap_join_c38_join_2,5,10,10,0,5,"DYNAMIC_LARGEST_FIRST, INCIDENCE_DEGREE, LARGEST_FIRST, NATURAL, SMALLEST_LAST","DYNAMIC_LARGEST_FIRST, INCIDENCE_DEGREE, LARGEST_FIRST, NATURAL, SMALLEST_LAST",False,False,10.0,10.0,10.0,10.0,10.0
week17_heuristic_gap_colpack_benchmark.csv,week17_gap_join_c38_join_3,5,15,15,0,5,"DYNAMIC_LARGEST_FIRST, INCIDENCE_DEGREE, LARGEST_FIRST, NATURAL, SMALLEST_LAST","DYNAMIC_LARGEST_FIRST, INCIDENCE_DEGREE, LARGEST_FIRST, NATURAL, SMALLEST_LAST",False,False,15.0,15.0,15.0,15.0,15.0
week17_heuristic_gap_colpack_benchmark.csv,week17_gap_join_c38_join_4,5,20,20,0,5,"DYNAMIC_LARGEST_FIRST, INCIDENCE_DEGREE, LARGEST_FIRST, NATURAL, SMALLEST_LAST","DYNAMIC_LARGEST_FIRST, INCIDENCE_DEGREE, LARGEST_FIRST, NATURAL, SMALLEST_LAST",False,False,20.0,20.0,20.0,20.0,20.0
week17_heuristic_gap_colpack_benchmark.csv,week17_gap_join_c38_join_5,5,25,25,0,5,"DYNAMIC_LARGEST_FIRST, INCIDENCE_DEGREE, LARGEST_FIRST, NATURAL, SMALLEST_LAST","DYNAMIC_LARGEST_FIRST, INCIDENCE_DEGREE, LARGEST_FIRST, NATURAL, SMALLEST_LAST",False,False,25.0,25.0,25.0,25.0,25.0
week17_heuristic_gap_colpack_benchmark.csv,week17_gap_join_c41_join_2,5,10,10,0,5,"DYNAMIC_LARGEST_FIRST, INCIDENCE_DEGREE, LARGEST_FIRST, NATURAL, SMALLEST_LAST","DYNAMIC_LARGEST_FIRST, INCIDENCE_DEGREE, LARGEST_FIRST, NATURAL, SMALLEST_LAST",False,False,10.0,10.0,10.0,10.0,10.0
week17_heuristic_gap_colpack_benchmark.csv,week17_gap_join_c41_join_3,5,15,15,0,5,"DYNAMIC_LARGEST_FIRST, INCIDENCE_DEGREE, LARGEST_FIRST, NATURAL, SMALLEST_LAST","DYNAMIC_LARGEST_FIRST, INCIDENCE_DEGREE, LARGEST_FIRST, NATURAL, SMALLEST_LAST",False,False,15.0,15.0,15.0,15.0,15.0
week17_heuristic_gap_colpack_benchmark.csv,week17_gap_join_c41_join_4,5,20,20,0,5,"DYNAMIC_LARGEST_FIRST, INCIDENCE_DEGREE, LARGEST_FIRST, NATURAL, SMALLEST_LAST","DYNAMIC_LARGEST_FIRST, INCIDENCE_DEGREE, LARGEST_FIRST, NATURAL, SMALLEST_LAST",False,False,20.0,20.0,20.0,20.0,20.0
week17_heuristic_gap_colpack_benchmark.csv,week17_gap_join_c41_join_5,5,25,25,0,5,"DYNAMIC_LARGEST_FIRST, INCIDENCE_DEGREE, LARGEST_FIRST, NATURAL, SMALLEST_LAST","DYNAMIC_LARGEST_FIRST, INCIDENCE_DEGREE, LARGEST_FIRST, NATURAL, SMALLEST_LAST",False,False,25.0,25.0,25.0,25.0,25.0
week17_heuristic_gap_colpack_benchmark.csv,week17_gap_join_c44_join_2,5,10,10,0,5,"DYNAMIC_LARGEST_FIRST, INCIDENCE_DEGREE, LARGEST_FIRST, NATURAL, SMALLEST_LAST","DYNAMIC_LARGEST_FIRST, INCIDENCE_DEGREE, LARGEST_FIRST, NATURAL, SMALLEST_LAST",False,False,10.0,10.0,10.0,10.0,10.0
week17_heuristic_gap_colpack_benchmark.csv,week17_gap_join_c44_join_3,5,15,15,0,5,"DYNAMIC_LARGEST_FIRST, INCIDENCE_DEGREE, LARGEST_FIRST, NATURAL, SMALLEST_LAST","DYNAMIC_LARGEST_FIRST, INCIDENCE_DEGREE, LARGEST_FIRST, NATURAL, SMALLEST_LAST",False,False,15.0,15.0,15.0,15.0,15.0
week17_heuristic_gap_colpack_benchmark.csv,week17_gap_join_c44_join_4,5,20,20,0,5,"DYNAMIC_LARGEST_FIRST, INCIDENCE_DEGREE, LARGEST_FIRST, NATURAL, SMALLEST_LAST","DYNAMIC_LARGEST_FIRST, INCIDENCE_DEGREE, LARGEST_FIRST, NATURAL, SMALLEST_LAST",False,False,20.0,20.0,20.0,20.0,20.0
week17_heuristic_gap_colpack_benchmark.csv,week17_gap_join_c44_join_5,5,25,25,0,5,"DYNAMIC_LARGEST_FIRST, INCIDENCE_DEGREE, LARGEST_FIRST, NATURAL, SMALLEST_LAST","DYNAMIC_LARGEST_FIRST, INCIDENCE_DEGREE, LARGEST_FIRST, NATURAL, SMALLEST_LAST",False,False,25.0,25.0,25.0,25.0,25.0
week17_heuristic_gap_colpack_benchmark.csv,week17_gap_join_c47_join_2,5,9,10,1,1,DYNAMIC_LARGEST_FIRST,"INCIDENCE_DEGREE, LARGEST_FIRST, NATURAL, SMALLEST_LAST",True,False,9.0,10.0,10.0,10.0,10.0
week17_heuristic_gap_colpack_benchmark.csv,week17_gap_join_c47_join_3,5,13,15,2,1,DYNAMIC_LARGEST_FIRST,"INCIDENCE_DEGREE, LARGEST_FIRST, NATURAL, SMALLEST_LAST",True,True,13.0,15.0,15.0,15.0,15.0
week17_heuristic_gap_colpack_benchmark.csv,week17_gap_join_c47_join_4,5,17,20,3,1,DYNAMIC_LARGEST_FIRST,"INCIDENCE_DEGREE, LARGEST_FIRST, NATURAL, SMALLEST_LAST",True,True,17.0,20.0,20.0,20.0,20.0
week17_heuristic_gap_colpack_benchmark.csv,week17_gap_join_c47_join_5,5,21,25,4,1,DYNAMIC_LARGEST_FIRST,"INCIDENCE_DEGREE, LARGEST_FIRST, NATURAL, SMALLEST_LAST",True,True,21.0,25.0,25.0,25.0,25.0
week17_structured_colpack_benchmark.csv,week17_arrowhead_100,5,2,2,0,5,"DYNAMIC_LARGEST_FIRST, INCIDENCE_DEGREE, LARGEST_FIRST, NATURAL, SMALLEST_LAST","DYNAMIC_LARGEST_FIRST, INCIDENCE_DEGREE, LARGEST_FIRST, NATURAL, SMALLEST_LAST",False,False,2.0,2.0,2.0,2.0,2.0
week17_structured_colpack_benchmark.csv,week17_bcsstk08,5,8,11,3,2,"INCIDENCE_DEGREE, SMALLEST_LAST",NATURAL,False,True,9.0,8.0,9.0,11.0,8.0
week17_structured_colpack_benchmark.csv,week17_bwm200,5,2,3,1,4,"INCIDENCE_DEGREE, LARGEST_FIRST, NATURAL, SMALLEST_LAST",DYNAMIC_LARGEST_FIRST,False,False,3.0,2.0,2.0,2.0,2.0
week17_structured_colpack_benchmark.csv,week17_gr_30_30,5,4,7,3,2,"LARGEST_FIRST, NATURAL",DYNAMIC_LARGEST_FIRST,False,True,7.0,5.0,4.0,4.0,5.0
week17_structured_colpack_benchmark.csv,week17_lshp_265,5,4,6,2,2,"INCIDENCE_DEGREE, SMALLEST_LAST","LARGEST_FIRST, NATURAL",False,True,5.0,4.0,6.0,6.0,4.0
week17_structured_colpack_benchmark.csv,week17_nos1,5,2,3,1,4,"INCIDENCE_DEGREE, LARGEST_FIRST, NATURAL, SMALLEST_LAST",DYNAMIC_LARGEST_FIRST,False,False,3.0,2.0,2.0,2.0,2.0
