condition,objective,seed,experiment,model_name,target_ordering,feature_set,loss_definition,ranking_pairs_per_train_graph,validation_ranking_pairs,graph_order_shuffled_each_epoch,checkpoint_selection,num_train_graphs,num_original_train_graphs,num_added_mixed_graphs,num_validation_graphs,num_test_graphs,input_dim,hidden_channels,learning_rate,num_epochs,best_epoch,best_validation_total_colors,best_validation_loss,final_train_loss_best_model,final_validation_loss_best_model,final_test_loss_best_model,final_train_total_colors,final_train_target_colors,final_train_gap_from_target,final_validation_total_colors,final_validation_target_colors,final_validation_gap_from_target,final_test_total_colors,final_test_target_colors,final_test_colpack5_colors,final_test_gap_from_target,final_test_colors_saved_vs_colpack5,final_test_exact_target_graphs,final_test_all_valid,final_test_per_graph_colors,checkpoint_path
train_125_plus105,mse,0,WEEK19_EQUIVALENCE_AWARE_OBJECTIVE_COMPARISON,GNNNodeScorer,EXACT_OPTIMAL_COLOR_CLASS_ORDER,WEEK17_SYMMETRY_BREAKING_25,node_score_mse,0,not_applicable,True,validation_total_colors_then_objective_specific_validation_loss,125,20,105,5,5,25,32,0.01,500,15,65,0.1741397634148597,0.109838800907135,0.1741397634148597,0.1980426952242851,2302,2016,286,65,60,5,63,60,75,3,12,2,True,week17_gap_cycle_square_c41:base41/gap1/gnn4/target4/colpack55; week17_gap_join_c41_join_2:base41/gap2/gnn8/target8/colpack510; week17_gap_join_c41_join_3:base41/gap3/gnn13/target12/colpack515; week17_gap_join_c41_join_4:base41/gap4/gnn17/target16/colpack520; week17_gap_join_c41_join_5:base41/gap5/gnn21/target20/colpack525,results\models\gnn_node_scorer\week19_equivalence_aware_objective_runs\mse\week19_best_gnn_node_scorer_seed_0.pt
train_125_plus105,mse,1,WEEK19_EQUIVALENCE_AWARE_OBJECTIVE_COMPARISON,GNNNodeScorer,EXACT_OPTIMAL_COLOR_CLASS_ORDER,WEEK17_SYMMETRY_BREAKING_25,node_score_mse,0,not_applicable,True,validation_total_colors_then_objective_specific_validation_loss,125,20,105,5,5,25,32,0.01,500,5,64,0.2858574911952019,0.1923794005513191,0.2858574911952019,0.3936707198619842,2233,2016,217,64,60,4,70,60,75,10,5,1,True,week17_gap_cycle_square_c41:base41/gap1/gnn5/target4/colpack55; week17_gap_join_c41_join_2:base41/gap2/gnn8/target8/colpack510; week17_gap_join_c41_join_3:base41/gap3/gnn15/target12/colpack515; week17_gap_join_c41_join_4:base41/gap4/gnn18/target16/colpack520; week17_gap_join_c41_join_5:base41/gap5/gnn24/target20/colpack525,results\models\gnn_node_scorer\week19_equivalence_aware_objective_runs\mse\week19_best_gnn_node_scorer_seed_1.pt
train_125_plus105,mse,2,WEEK19_EQUIVALENCE_AWARE_OBJECTIVE_COMPARISON,GNNNodeScorer,EXACT_OPTIMAL_COLOR_CLASS_ORDER,WEEK17_SYMMETRY_BREAKING_25,node_score_mse,0,not_applicable,True,validation_total_colors_then_objective_specific_validation_loss,125,20,105,5,5,25,32,0.01,500,1,64,1.2502814307808876,0.8451396986246109,1.2502814307808876,1.7241302222013473,2257,2016,241,64,60,4,64,60,75,4,11,2,True,week17_gap_cycle_square_c41:base41/gap1/gnn4/target4/colpack55; week17_gap_join_c41_join_2:base41/gap2/gnn9/target8/colpack510; week17_gap_join_c41_join_3:base41/gap3/gnn13/target12/colpack515; week17_gap_join_c41_join_4:base41/gap4/gnn16/target16/colpack520; week17_gap_join_c41_join_5:base41/gap5/gnn22/target20/colpack525,results\models\gnn_node_scorer\week19_equivalence_aware_objective_runs\mse\week19_best_gnn_node_scorer_seed_2.pt
train_125_plus105,mse,3,WEEK19_EQUIVALENCE_AWARE_OBJECTIVE_COMPARISON,GNNNodeScorer,EXACT_OPTIMAL_COLOR_CLASS_ORDER,WEEK17_SYMMETRY_BREAKING_25,node_score_mse,0,not_applicable,True,validation_total_colors_then_objective_specific_validation_loss,125,20,105,5,5,25,32,0.01,500,4,65,0.1103678628802299,0.1287737466990947,0.1103678628802299,0.114362695813179,2241,2016,225,65,60,5,65,60,75,5,10,1,True,week17_gap_cycle_square_c41:base41/gap1/gnn5/target4/colpack55; week17_gap_join_c41_join_2:base41/gap2/gnn10/target8/colpack510; week17_gap_join_c41_join_3:base41/gap3/gnn13/target12/colpack515; week17_gap_join_c41_join_4:base41/gap4/gnn16/target16/colpack520; week17_gap_join_c41_join_5:base41/gap5/gnn21/target20/colpack525,results\models\gnn_node_scorer\week19_equivalence_aware_objective_runs\mse\week19_best_gnn_node_scorer_seed_3.pt
train_125_plus105,mse,4,WEEK19_EQUIVALENCE_AWARE_OBJECTIVE_COMPARISON,GNNNodeScorer,EXACT_OPTIMAL_COLOR_CLASS_ORDER,WEEK17_SYMMETRY_BREAKING_25,node_score_mse,0,not_applicable,True,validation_total_colors_then_objective_specific_validation_loss,125,20,105,5,5,25,32,0.01,500,13,64,0.11064518839120865,0.08575187164545059,0.11064518839120865,0.12230069786310196,2319,2016,303,64,60,4,67,60,75,7,8,1,True,week17_gap_cycle_square_c41:base41/gap1/gnn5/target4/colpack55; week17_gap_join_c41_join_2:base41/gap2/gnn8/target8/colpack510; week17_gap_join_c41_join_3:base41/gap3/gnn14/target12/colpack515; week17_gap_join_c41_join_4:base41/gap4/gnn18/target16/colpack520; week17_gap_join_c41_join_5:base41/gap5/gnn22/target20/colpack525,results\models\gnn_node_scorer\week19_equivalence_aware_objective_runs\mse\week19_best_gnn_node_scorer_seed_4.pt
train_125_plus105,ranking,0,WEEK19_EQUIVALENCE_AWARE_OBJECTIVE_COMPARISON,GNNNodeScorer,EXACT_OPTIMAL_COLOR_CLASS_ORDER,WEEK17_SYMMETRY_BREAKING_25,mean_softplus_later_minus_earlier,256,all_cross_class_pairs,True,validation_total_colors_then_objective_specific_validation_loss,125,20,105,5,5,25,32,0.01,500,307,60,0.2814478129148483,0.1602327842116356,0.2814478129148483,0.2836277350783348,2093,2016,77,60,60,0,64,60,75,4,11,3,True,week17_gap_cycle_square_c41:base41/gap1/gnn4/target4/colpack55; week17_gap_join_c41_join_2:base41/gap2/gnn8/target8/colpack510; week17_gap_join_c41_join_3:base41/gap3/gnn12/target12/colpack515; week17_gap_join_c41_join_4:base41/gap4/gnn18/target16/colpack520; week17_gap_join_c41_join_5:base41/gap5/gnn22/target20/colpack525,results\models\gnn_node_scorer\week19_equivalence_aware_objective_runs\ranking\week19_best_gnn_node_scorer_seed_0.pt
train_125_plus105,ranking,1,WEEK19_EQUIVALENCE_AWARE_OBJECTIVE_COMPARISON,GNNNodeScorer,EXACT_OPTIMAL_COLOR_CLASS_ORDER,WEEK17_SYMMETRY_BREAKING_25,mean_softplus_later_minus_earlier,256,all_cross_class_pairs,True,validation_total_colors_then_objective_specific_validation_loss,125,20,105,5,5,25,32,0.01,500,186,60,0.2854762524366379,0.1637677871584892,0.2854762524366379,0.2898377165198326,2099,2016,83,60,60,0,65,60,75,5,10,4,True,week17_gap_cycle_square_c41:base41/gap1/gnn4/target4/colpack55; week17_gap_join_c41_join_2:base41/gap2/gnn8/target8/colpack510; week17_gap_join_c41_join_3:base41/gap3/gnn12/target12/colpack515; week17_gap_join_c41_join_4:base41/gap4/gnn16/target16/colpack520; week17_gap_join_c41_join_5:base41/gap5/gnn25/target20/colpack525,results\models\gnn_node_scorer\week19_equivalence_aware_objective_runs\ranking\week19_best_gnn_node_scorer_seed_1.pt
train_125_plus105,ranking,2,WEEK19_EQUIVALENCE_AWARE_OBJECTIVE_COMPARISON,GNNNodeScorer,EXACT_OPTIMAL_COLOR_CLASS_ORDER,WEEK17_SYMMETRY_BREAKING_25,mean_softplus_later_minus_earlier,256,all_cross_class_pairs,True,validation_total_colors_then_objective_specific_validation_loss,125,20,105,5,5,25,32,0.01,500,487,60,0.2874030202627182,0.1631855432391166,0.2874030202627182,0.2927043542265892,2102,2016,86,60,60,0,64,60,75,4,11,2,True,week17_gap_cycle_square_c41:base41/gap1/gnn5/target4/colpack55; week17_gap_join_c41_join_2:base41/gap2/gnn8/target8/colpack510; week17_gap_join_c41_join_3:base41/gap3/gnn12/target12/colpack515; week17_gap_join_c41_join_4:base41/gap4/gnn17/target16/colpack520; week17_gap_join_c41_join_5:base41/gap5/gnn22/target20/colpack525,results\models\gnn_node_scorer\week19_equivalence_aware_objective_runs\ranking\week19_best_gnn_node_scorer_seed_2.pt
train_125_plus105,ranking,3,WEEK19_EQUIVALENCE_AWARE_OBJECTIVE_COMPARISON,GNNNodeScorer,EXACT_OPTIMAL_COLOR_CLASS_ORDER,WEEK17_SYMMETRY_BREAKING_25,mean_softplus_later_minus_earlier,256,all_cross_class_pairs,True,validation_total_colors_then_objective_specific_validation_loss,125,20,105,5,5,25,32,0.01,500,487,60,0.2955620616674423,0.163145335137844,0.2955620616674423,0.3102743193507195,2179,2016,163,60,60,0,65,60,75,5,10,2,True,week17_gap_cycle_square_c41:base41/gap1/gnn4/target4/colpack55; week17_gap_join_c41_join_2:base41/gap2/gnn9/target8/colpack510; week17_gap_join_c41_join_3:base41/gap3/gnn12/target12/colpack515; week17_gap_join_c41_join_4:base41/gap4/gnn18/target16/colpack520; week17_gap_join_c41_join_5:base41/gap5/gnn22/target20/colpack525,results\models\gnn_node_scorer\week19_equivalence_aware_objective_runs\ranking\week19_best_gnn_node_scorer_seed_3.pt
train_125_plus105,ranking,4,WEEK19_EQUIVALENCE_AWARE_OBJECTIVE_COMPARISON,GNNNodeScorer,EXACT_OPTIMAL_COLOR_CLASS_ORDER,WEEK17_SYMMETRY_BREAKING_25,mean_softplus_later_minus_earlier,256,all_cross_class_pairs,True,validation_total_colors_then_objective_specific_validation_loss,125,20,105,5,5,25,32,0.01,500,215,60,0.28245831578969954,0.16202173835039138,0.28245831578969954,0.28798927664756774,2109,2016,93,60,60,0,65,60,75,5,10,3,True,week17_gap_cycle_square_c41:base41/gap1/gnn4/target4/colpack55; week17_gap_join_c41_join_2:base41/gap2/gnn8/target8/colpack510; week17_gap_join_c41_join_3:base41/gap3/gnn12/target12/colpack515; week17_gap_join_c41_join_4:base41/gap4/gnn19/target16/colpack520; week17_gap_join_c41_join_5:base41/gap5/gnn22/target20/colpack525,results\models\gnn_node_scorer\week19_equivalence_aware_objective_runs\ranking\week19_best_gnn_node_scorer_seed_4.pt
