graph_id,split,graph_family,num_components_joined,component_cycle_sizes,num_unique_component_sizes,gap_level,num_nodes,num_directed_edges,num_features,target_colors,known_chromatic_number,best_colpack5_colors,best_colpack5_gap_from_known,selected_ordering,score_convention,path
week18_controlled_mixed_join_2_c20_c26,train,mixed_join_of_cycle_square_hard_cases,2,20;26,2,2,46,1224,25,8,8,10,2,EXACT_KNOWN_COLOR_CLASS_ORDERING,higher_score_processed_earlier,data\processed\initial_graph_coloring_dataset\pyg_data_week18_controlled_mixed_exact\week18_controlled_mixed_join_2_c20_c26.pt
week18_controlled_mixed_join_2_c20_c29,train,mixed_join_of_cycle_square_hard_cases,2,20;29,2,2,49,1356,25,8,8,10,2,EXACT_KNOWN_COLOR_CLASS_ORDERING,higher_score_processed_earlier,data\processed\initial_graph_coloring_dataset\pyg_data_week18_controlled_mixed_exact\week18_controlled_mixed_join_2_c20_c29.pt
week18_controlled_mixed_join_2_c20_c35,train,mixed_join_of_cycle_square_hard_cases,2,20;35,2,2,55,1620,25,8,8,10,2,EXACT_KNOWN_COLOR_CLASS_ORDERING,higher_score_processed_earlier,data\processed\initial_graph_coloring_dataset\pyg_data_week18_controlled_mixed_exact\week18_controlled_mixed_join_2_c20_c35.pt
week18_controlled_mixed_join_2_c26_c29,train,mixed_join_of_cycle_square_hard_cases,2,26;29,2,2,55,1728,25,8,8,10,2,EXACT_KNOWN_COLOR_CLASS_ORDERING,higher_score_processed_earlier,data\processed\initial_graph_coloring_dataset\pyg_data_week18_controlled_mixed_exact\week18_controlled_mixed_join_2_c26_c29.pt
week18_controlled_mixed_join_2_c26_c35,train,mixed_join_of_cycle_square_hard_cases,2,26;35,2,2,61,2064,25,8,8,10,2,EXACT_KNOWN_COLOR_CLASS_ORDERING,higher_score_processed_earlier,data\processed\initial_graph_coloring_dataset\pyg_data_week18_controlled_mixed_exact\week18_controlled_mixed_join_2_c26_c35.pt
week18_controlled_mixed_join_2_c29_c35,train,mixed_join_of_cycle_square_hard_cases,2,29;35,2,2,64,2286,25,8,8,10,2,EXACT_KNOWN_COLOR_CLASS_ORDERING,higher_score_processed_earlier,data\processed\initial_graph_coloring_dataset\pyg_data_week18_controlled_mixed_exact\week18_controlled_mixed_join_2_c29_c35.pt
week18_controlled_mixed_join_3_c20_c20_c26,train,mixed_join_of_cycle_square_hard_cases,3,20;20;26,2,3,66,3144,25,12,12,15,3,EXACT_KNOWN_COLOR_CLASS_ORDERING,higher_score_processed_earlier,data\processed\initial_graph_coloring_dataset\pyg_data_week18_controlled_mixed_exact\week18_controlled_mixed_join_3_c20_c20_c26.pt
week18_controlled_mixed_join_3_c20_c20_c29,train,mixed_join_of_cycle_square_hard_cases,3,20;20;29,2,3,69,3396,25,12,12,15,3,EXACT_KNOWN_COLOR_CLASS_ORDERING,higher_score_processed_earlier,data\processed\initial_graph_coloring_dataset\pyg_data_week18_controlled_mixed_exact\week18_controlled_mixed_join_3_c20_c20_c29.pt
week18_controlled_mixed_join_3_c20_c26_c26,train,mixed_join_of_cycle_square_hard_cases,3,20;26;26,2,3,72,3720,25,12,12,15,3,EXACT_KNOWN_COLOR_CLASS_ORDERING,higher_score_processed_earlier,data\processed\initial_graph_coloring_dataset\pyg_data_week18_controlled_mixed_exact\week18_controlled_mixed_join_3_c20_c26_c26.pt
week18_controlled_mixed_join_3_c20_c20_c35,train,mixed_join_of_cycle_square_hard_cases,3,20;20;35,2,3,75,3900,25,12,12,15,3,EXACT_KNOWN_COLOR_CLASS_ORDERING,higher_score_processed_earlier,data\processed\initial_graph_coloring_dataset\pyg_data_week18_controlled_mixed_exact\week18_controlled_mixed_join_3_c20_c20_c35.pt
week18_controlled_mixed_join_3_c20_c26_c29,train,mixed_join_of_cycle_square_hard_cases,3,20;26;29,3,3,75,4008,25,12,12,15,3,EXACT_KNOWN_COLOR_CLASS_ORDERING,higher_score_processed_earlier,data\processed\initial_graph_coloring_dataset\pyg_data_week18_controlled_mixed_exact\week18_controlled_mixed_join_3_c20_c26_c29.pt
week18_controlled_mixed_join_3_c20_c29_c29,train,mixed_join_of_cycle_square_hard_cases,3,20;29;29,2,3,78,4314,25,12,12,15,3,EXACT_KNOWN_COLOR_CLASS_ORDERING,higher_score_processed_earlier,data\processed\initial_graph_coloring_dataset\pyg_data_week18_controlled_mixed_exact\week18_controlled_mixed_join_3_c20_c29_c29.pt
week18_controlled_mixed_join_3_c20_c26_c35,train,mixed_join_of_cycle_square_hard_cases,3,20;26;35,3,3,81,4584,25,12,12,15,3,EXACT_KNOWN_COLOR_CLASS_ORDERING,higher_score_processed_earlier,data\processed\initial_graph_coloring_dataset\pyg_data_week18_controlled_mixed_exact\week18_controlled_mixed_join_3_c20_c26_c35.pt
week18_controlled_mixed_join_3_c26_c26_c29,train,mixed_join_of_cycle_square_hard_cases,3,26;26;29,2,3,81,4692,25,12,12,15,3,EXACT_KNOWN_COLOR_CLASS_ORDERING,higher_score_processed_earlier,data\processed\initial_graph_coloring_dataset\pyg_data_week18_controlled_mixed_exact\week18_controlled_mixed_join_3_c26_c26_c29.pt
week18_controlled_mixed_join_3_c20_c29_c35,train,mixed_join_of_cycle_square_hard_cases,3,20;29;35,3,3,84,4926,25,12,12,15,3,EXACT_KNOWN_COLOR_CLASS_ORDERING,higher_score_processed_earlier,data\processed\initial_graph_coloring_dataset\pyg_data_week18_controlled_mixed_exact\week18_controlled_mixed_join_3_c20_c29_c35.pt
week18_controlled_mixed_join_3_c26_c29_c29,train,mixed_join_of_cycle_square_hard_cases,3,26;29;29,2,3,84,5034,25,12,12,15,3,EXACT_KNOWN_COLOR_CLASS_ORDERING,higher_score_processed_earlier,data\processed\initial_graph_coloring_dataset\pyg_data_week18_controlled_mixed_exact\week18_controlled_mixed_join_3_c26_c29_c29.pt
week18_controlled_mixed_join_3_c26_c26_c35,train,mixed_join_of_cycle_square_hard_cases,3,26;26;35,2,3,87,5340,25,12,12,15,3,EXACT_KNOWN_COLOR_CLASS_ORDERING,higher_score_processed_earlier,data\processed\initial_graph_coloring_dataset\pyg_data_week18_controlled_mixed_exact\week18_controlled_mixed_join_3_c26_c26_c35.pt
week18_controlled_mixed_join_3_c20_c35_c35,train,mixed_join_of_cycle_square_hard_cases,3,20;35;35,2,3,90,5610,25,12,12,15,3,EXACT_KNOWN_COLOR_CLASS_ORDERING,higher_score_processed_earlier,data\processed\initial_graph_coloring_dataset\pyg_data_week18_controlled_mixed_exact\week18_controlled_mixed_join_3_c20_c35_c35.pt
week18_controlled_mixed_join_3_c26_c29_c35,train,mixed_join_of_cycle_square_hard_cases,3,26;29;35,3,3,90,5718,25,12,12,15,3,EXACT_KNOWN_COLOR_CLASS_ORDERING,higher_score_processed_earlier,data\processed\initial_graph_coloring_dataset\pyg_data_week18_controlled_mixed_exact\week18_controlled_mixed_join_3_c26_c29_c35.pt
week18_controlled_mixed_join_3_c29_c29_c35,train,mixed_join_of_cycle_square_hard_cases,3,29;29;35,2,3,93,6114,25,12,12,15,3,EXACT_KNOWN_COLOR_CLASS_ORDERING,higher_score_processed_earlier,data\processed\initial_graph_coloring_dataset\pyg_data_week18_controlled_mixed_exact\week18_controlled_mixed_join_3_c29_c29_c35.pt
week18_controlled_mixed_join_3_c26_c35_c35,train,mixed_join_of_cycle_square_hard_cases,3,26;35;35,2,3,96,6474,25,12,12,15,3,EXACT_KNOWN_COLOR_CLASS_ORDERING,higher_score_processed_earlier,data\processed\initial_graph_coloring_dataset\pyg_data_week18_controlled_mixed_exact\week18_controlled_mixed_join_3_c26_c35_c35.pt
week18_controlled_mixed_join_3_c29_c35_c35,train,mixed_join_of_cycle_square_hard_cases,3,29;35;35,2,3,99,6906,25,12,12,15,3,EXACT_KNOWN_COLOR_CLASS_ORDERING,higher_score_processed_earlier,data\processed\initial_graph_coloring_dataset\pyg_data_week18_controlled_mixed_exact\week18_controlled_mixed_join_3_c29_c35_c35.pt
week18_controlled_mixed_join_4_c20_c20_c20_c26,train,mixed_join_of_cycle_square_hard_cases,4,20;20;20;26,2,4,86,5864,25,16,16,20,4,EXACT_KNOWN_COLOR_CLASS_ORDERING,higher_score_processed_earlier,data\processed\initial_graph_coloring_dataset\pyg_data_week18_controlled_mixed_exact\week18_controlled_mixed_join_4_c20_c20_c20_c26.pt
week18_controlled_mixed_join_4_c20_c20_c20_c29,train,mixed_join_of_cycle_square_hard_cases,4,20;20;20;29,2,4,89,6236,25,16,16,20,4,EXACT_KNOWN_COLOR_CLASS_ORDERING,higher_score_processed_earlier,data\processed\initial_graph_coloring_dataset\pyg_data_week18_controlled_mixed_exact\week18_controlled_mixed_join_4_c20_c20_c20_c29.pt
week18_controlled_mixed_join_4_c20_c20_c26_c26,train,mixed_join_of_cycle_square_hard_cases,4,20;20;26;26,2,4,92,6680,25,16,16,20,4,EXACT_KNOWN_COLOR_CLASS_ORDERING,higher_score_processed_earlier,data\processed\initial_graph_coloring_dataset\pyg_data_week18_controlled_mixed_exact\week18_controlled_mixed_join_4_c20_c20_c26_c26.pt
week18_controlled_mixed_join_4_c20_c20_c20_c35,train,mixed_join_of_cycle_square_hard_cases,4,20;20;20;35,2,4,95,6980,25,16,16,20,4,EXACT_KNOWN_COLOR_CLASS_ORDERING,higher_score_processed_earlier,data\processed\initial_graph_coloring_dataset\pyg_data_week18_controlled_mixed_exact\week18_controlled_mixed_join_4_c20_c20_c20_c35.pt
week18_controlled_mixed_join_4_c20_c20_c26_c29,train,mixed_join_of_cycle_square_hard_cases,4,20;20;26;29,3,4,95,7088,25,16,16,20,4,EXACT_KNOWN_COLOR_CLASS_ORDERING,higher_score_processed_earlier,data\processed\initial_graph_coloring_dataset\pyg_data_week18_controlled_mixed_exact\week18_controlled_mixed_join_4_c20_c20_c26_c29.pt
week18_controlled_mixed_join_4_c20_c20_c29_c29,train,mixed_join_of_cycle_square_hard_cases,4,20;20;29;29,2,4,98,7514,25,16,16,20,4,EXACT_KNOWN_COLOR_CLASS_ORDERING,higher_score_processed_earlier,data\processed\initial_graph_coloring_dataset\pyg_data_week18_controlled_mixed_exact\week18_controlled_mixed_join_4_c20_c20_c29_c29.pt
week18_controlled_mixed_join_4_c20_c26_c26_c26,train,mixed_join_of_cycle_square_hard_cases,4,20;26;26;26,2,4,98,7568,25,16,16,20,4,EXACT_KNOWN_COLOR_CLASS_ORDERING,higher_score_processed_earlier,data\processed\initial_graph_coloring_dataset\pyg_data_week18_controlled_mixed_exact\week18_controlled_mixed_join_4_c20_c26_c26_c26.pt
week18_controlled_mixed_join_4_c20_c20_c26_c35,train,mixed_join_of_cycle_square_hard_cases,4,20;20;26;35,3,4,101,7904,25,16,16,20,4,EXACT_KNOWN_COLOR_CLASS_ORDERING,higher_score_processed_earlier,data\processed\initial_graph_coloring_dataset\pyg_data_week18_controlled_mixed_exact\week18_controlled_mixed_join_4_c20_c20_c26_c35.pt
week18_controlled_mixed_join_4_c20_c26_c26_c29,train,mixed_join_of_cycle_square_hard_cases,4,20;26;26;29,3,4,101,8012,25,16,16,20,4,EXACT_KNOWN_COLOR_CLASS_ORDERING,higher_score_processed_earlier,data\processed\initial_graph_coloring_dataset\pyg_data_week18_controlled_mixed_exact\week18_controlled_mixed_join_4_c20_c26_c26_c29.pt
week18_controlled_mixed_join_4_c20_c20_c29_c35,train,mixed_join_of_cycle_square_hard_cases,4,20;20;29;35,3,4,104,8366,25,16,16,20,4,EXACT_KNOWN_COLOR_CLASS_ORDERING,higher_score_processed_earlier,data\processed\initial_graph_coloring_dataset\pyg_data_week18_controlled_mixed_exact\week18_controlled_mixed_join_4_c20_c20_c29_c35.pt
week18_controlled_mixed_join_4_c20_c26_c29_c29,train,mixed_join_of_cycle_square_hard_cases,4,20;26;29;29,3,4,104,8474,25,16,16,20,4,EXACT_KNOWN_COLOR_CLASS_ORDERING,higher_score_processed_earlier,data\processed\initial_graph_coloring_dataset\pyg_data_week18_controlled_mixed_exact\week18_controlled_mixed_join_4_c20_c26_c29_c29.pt
week18_controlled_mixed_join_4_c20_c26_c26_c35,train,mixed_join_of_cycle_square_hard_cases,4,20;26;26;35,3,4,107,8900,25,16,16,20,4,EXACT_KNOWN_COLOR_CLASS_ORDERING,higher_score_processed_earlier,data\processed\initial_graph_coloring_dataset\pyg_data_week18_controlled_mixed_exact\week18_controlled_mixed_join_4_c20_c26_c26_c35.pt
week18_controlled_mixed_join_4_c20_c29_c29_c29,train,mixed_join_of_cycle_square_hard_cases,4,20;29;29;29,2,4,107,8954,25,16,16,20,4,EXACT_KNOWN_COLOR_CLASS_ORDERING,higher_score_processed_earlier,data\processed\initial_graph_coloring_dataset\pyg_data_week18_controlled_mixed_exact\week18_controlled_mixed_join_4_c20_c29_c29_c29.pt
week18_controlled_mixed_join_4_c26_c26_c26_c29,train,mixed_join_of_cycle_square_hard_cases,4,26;26;26;29,2,4,107,9008,25,16,16,20,4,EXACT_KNOWN_COLOR_CLASS_ORDERING,higher_score_processed_earlier,data\processed\initial_graph_coloring_dataset\pyg_data_week18_controlled_mixed_exact\week18_controlled_mixed_join_4_c26_c26_c26_c29.pt
week18_controlled_mixed_join_4_c20_c20_c35_c35,train,mixed_join_of_cycle_square_hard_cases,4,20;20;35;35,2,4,110,9290,25,16,16,20,4,EXACT_KNOWN_COLOR_CLASS_ORDERING,higher_score_processed_earlier,data\processed\initial_graph_coloring_dataset\pyg_data_week18_controlled_mixed_exact\week18_controlled_mixed_join_4_c20_c20_c35_c35.pt
week18_controlled_mixed_join_4_c20_c26_c29_c35,train,mixed_join_of_cycle_square_hard_cases,4,20;26;29;35,4,4,110,9398,25,16,16,20,4,EXACT_KNOWN_COLOR_CLASS_ORDERING,higher_score_processed_earlier,data\processed\initial_graph_coloring_dataset\pyg_data_week18_controlled_mixed_exact\week18_controlled_mixed_join_4_c20_c26_c29_c35.pt
week18_controlled_mixed_join_4_c26_c26_c29_c29,train,mixed_join_of_cycle_square_hard_cases,4,26;26;29;29,2,4,110,9506,25,16,16,20,4,EXACT_KNOWN_COLOR_CLASS_ORDERING,higher_score_processed_earlier,data\processed\initial_graph_coloring_dataset\pyg_data_week18_controlled_mixed_exact\week18_controlled_mixed_join_4_c26_c26_c29_c29.pt
week18_controlled_mixed_join_4_c20_c29_c29_c35,train,mixed_join_of_cycle_square_hard_cases,4,20;29;29;35,3,4,113,9914,25,16,16,20,4,EXACT_KNOWN_COLOR_CLASS_ORDERING,higher_score_processed_earlier,data\processed\initial_graph_coloring_dataset\pyg_data_week18_controlled_mixed_exact\week18_controlled_mixed_join_4_c20_c29_c29_c35.pt
week18_controlled_mixed_join_4_c26_c26_c26_c35,train,mixed_join_of_cycle_square_hard_cases,4,26;26;26;35,2,4,113,9968,25,16,16,20,4,EXACT_KNOWN_COLOR_CLASS_ORDERING,higher_score_processed_earlier,data\processed\initial_graph_coloring_dataset\pyg_data_week18_controlled_mixed_exact\week18_controlled_mixed_join_4_c26_c26_c26_c35.pt
week18_controlled_mixed_join_4_c26_c29_c29_c29,train,mixed_join_of_cycle_square_hard_cases,4,26;29;29;29,2,4,113,10022,25,16,16,20,4,EXACT_KNOWN_COLOR_CLASS_ORDERING,higher_score_processed_earlier,data\processed\initial_graph_coloring_dataset\pyg_data_week18_controlled_mixed_exact\week18_controlled_mixed_join_4_c26_c29_c29_c29.pt
week18_controlled_mixed_join_4_c20_c26_c35_c35,train,mixed_join_of_cycle_square_hard_cases,4,20;26;35;35,3,4,116,10394,25,16,16,20,4,EXACT_KNOWN_COLOR_CLASS_ORDERING,higher_score_processed_earlier,data\processed\initial_graph_coloring_dataset\pyg_data_week18_controlled_mixed_exact\week18_controlled_mixed_join_4_c20_c26_c35_c35.pt
week18_controlled_mixed_join_4_c26_c26_c29_c35,train,mixed_join_of_cycle_square_hard_cases,4,26;26;29;35,3,4,116,10502,25,16,16,20,4,EXACT_KNOWN_COLOR_CLASS_ORDERING,higher_score_processed_earlier,data\processed\initial_graph_coloring_dataset\pyg_data_week18_controlled_mixed_exact\week18_controlled_mixed_join_4_c26_c26_c29_c35.pt
week18_controlled_mixed_join_4_c20_c29_c35_c35,train,mixed_join_of_cycle_square_hard_cases,4,20;29;35;35,3,4,119,10946,25,16,16,20,4,EXACT_KNOWN_COLOR_CLASS_ORDERING,higher_score_processed_earlier,data\processed\initial_graph_coloring_dataset\pyg_data_week18_controlled_mixed_exact\week18_controlled_mixed_join_4_c20_c29_c35_c35.pt
week18_controlled_mixed_join_4_c26_c29_c29_c35,train,mixed_join_of_cycle_square_hard_cases,4,26;29;29;35,3,4,119,11054,25,16,16,20,4,EXACT_KNOWN_COLOR_CLASS_ORDERING,higher_score_processed_earlier,data\processed\initial_graph_coloring_dataset\pyg_data_week18_controlled_mixed_exact\week18_controlled_mixed_join_4_c26_c29_c29_c35.pt
week18_controlled_mixed_join_4_c26_c26_c35_c35,train,mixed_join_of_cycle_square_hard_cases,4,26;26;35;35,2,4,122,11570,25,16,16,20,4,EXACT_KNOWN_COLOR_CLASS_ORDERING,higher_score_processed_earlier,data\processed\initial_graph_coloring_dataset\pyg_data_week18_controlled_mixed_exact\week18_controlled_mixed_join_4_c26_c26_c35_c35.pt
week18_controlled_mixed_join_4_c29_c29_c29_c35,train,mixed_join_of_cycle_square_hard_cases,4,29;29;29;35,2,4,122,11624,25,16,16,20,4,EXACT_KNOWN_COLOR_CLASS_ORDERING,higher_score_processed_earlier,data\processed\initial_graph_coloring_dataset\pyg_data_week18_controlled_mixed_exact\week18_controlled_mixed_join_4_c29_c29_c29_c35.pt
week18_controlled_mixed_join_4_c20_c35_c35_c35,train,mixed_join_of_cycle_square_hard_cases,4,20;35;35;35,2,4,125,12050,25,16,16,20,4,EXACT_KNOWN_COLOR_CLASS_ORDERING,higher_score_processed_earlier,data\processed\initial_graph_coloring_dataset\pyg_data_week18_controlled_mixed_exact\week18_controlled_mixed_join_4_c20_c35_c35_c35.pt
week18_controlled_mixed_join_4_c26_c29_c35_c35,train,mixed_join_of_cycle_square_hard_cases,4,26;29;35;35,3,4,125,12158,25,16,16,20,4,EXACT_KNOWN_COLOR_CLASS_ORDERING,higher_score_processed_earlier,data\processed\initial_graph_coloring_dataset\pyg_data_week18_controlled_mixed_exact\week18_controlled_mixed_join_4_c26_c29_c35_c35.pt
week18_controlled_mixed_join_4_c29_c29_c35_c35,train,mixed_join_of_cycle_square_hard_cases,4,29;29;35;35,2,4,128,12764,25,16,16,20,4,EXACT_KNOWN_COLOR_CLASS_ORDERING,higher_score_processed_earlier,data\processed\initial_graph_coloring_dataset\pyg_data_week18_controlled_mixed_exact\week18_controlled_mixed_join_4_c29_c29_c35_c35.pt
week18_controlled_mixed_join_4_c26_c35_c35_c35,train,mixed_join_of_cycle_square_hard_cases,4,26;35;35;35,2,4,131,13334,25,16,16,20,4,EXACT_KNOWN_COLOR_CLASS_ORDERING,higher_score_processed_earlier,data\processed\initial_graph_coloring_dataset\pyg_data_week18_controlled_mixed_exact\week18_controlled_mixed_join_4_c26_c35_c35_c35.pt
week18_controlled_mixed_join_4_c29_c35_c35_c35,train,mixed_join_of_cycle_square_hard_cases,4,29;35;35;35,2,4,134,13976,25,16,16,20,4,EXACT_KNOWN_COLOR_CLASS_ORDERING,higher_score_processed_earlier,data\processed\initial_graph_coloring_dataset\pyg_data_week18_controlled_mixed_exact\week18_controlled_mixed_join_4_c29_c35_c35_c35.pt
week18_controlled_mixed_join_5_c20_c20_c20_c20_c26,train,mixed_join_of_cycle_square_hard_cases,5,20;20;20;20;26,2,5,106,9384,25,20,20,25,5,EXACT_KNOWN_COLOR_CLASS_ORDERING,higher_score_processed_earlier,data\processed\initial_graph_coloring_dataset\pyg_data_week18_controlled_mixed_exact\week18_controlled_mixed_join_5_c20_c20_c20_c20_c26.pt
week18_controlled_mixed_join_5_c20_c20_c20_c20_c29,train,mixed_join_of_cycle_square_hard_cases,5,20;20;20;20;29,2,5,109,9876,25,20,20,25,5,EXACT_KNOWN_COLOR_CLASS_ORDERING,higher_score_processed_earlier,data\processed\initial_graph_coloring_dataset\pyg_data_week18_controlled_mixed_exact\week18_controlled_mixed_join_5_c20_c20_c20_c20_c29.pt
week18_controlled_mixed_join_5_c20_c20_c20_c26_c26,train,mixed_join_of_cycle_square_hard_cases,5,20;20;20;26;26,2,5,112,10440,25,20,20,25,5,EXACT_KNOWN_COLOR_CLASS_ORDERING,higher_score_processed_earlier,data\processed\initial_graph_coloring_dataset\pyg_data_week18_controlled_mixed_exact\week18_controlled_mixed_join_5_c20_c20_c20_c26_c26.pt
week18_controlled_mixed_join_5_c20_c20_c20_c20_c35,train,mixed_join_of_cycle_square_hard_cases,5,20;20;20;20;35,2,5,115,10860,25,20,20,25,5,EXACT_KNOWN_COLOR_CLASS_ORDERING,higher_score_processed_earlier,data\processed\initial_graph_coloring_dataset\pyg_data_week18_controlled_mixed_exact\week18_controlled_mixed_join_5_c20_c20_c20_c20_c35.pt
week18_controlled_mixed_join_5_c20_c20_c20_c26_c29,train,mixed_join_of_cycle_square_hard_cases,5,20;20;20;26;29,3,5,115,10968,25,20,20,25,5,EXACT_KNOWN_COLOR_CLASS_ORDERING,higher_score_processed_earlier,data\processed\initial_graph_coloring_dataset\pyg_data_week18_controlled_mixed_exact\week18_controlled_mixed_join_5_c20_c20_c20_c26_c29.pt
week18_controlled_mixed_join_5_c20_c20_c20_c29_c29,train,mixed_join_of_cycle_square_hard_cases,5,20;20;20;29;29,2,5,118,11514,25,20,20,25,5,EXACT_KNOWN_COLOR_CLASS_ORDERING,higher_score_processed_earlier,data\processed\initial_graph_coloring_dataset\pyg_data_week18_controlled_mixed_exact\week18_controlled_mixed_join_5_c20_c20_c20_c29_c29.pt
week18_controlled_mixed_join_5_c20_c20_c26_c26_c26,train,mixed_join_of_cycle_square_hard_cases,5,20;20;26;26;26,2,5,118,11568,25,20,20,25,5,EXACT_KNOWN_COLOR_CLASS_ORDERING,higher_score_processed_earlier,data\processed\initial_graph_coloring_dataset\pyg_data_week18_controlled_mixed_exact\week18_controlled_mixed_join_5_c20_c20_c26_c26_c26.pt
week18_controlled_mixed_join_5_c20_c20_c20_c26_c35,train,mixed_join_of_cycle_square_hard_cases,5,20;20;20;26;35,3,5,121,12024,25,20,20,25,5,EXACT_KNOWN_COLOR_CLASS_ORDERING,higher_score_processed_earlier,data\processed\initial_graph_coloring_dataset\pyg_data_week18_controlled_mixed_exact\week18_controlled_mixed_join_5_c20_c20_c20_c26_c35.pt
week18_controlled_mixed_join_5_c20_c20_c26_c26_c29,train,mixed_join_of_cycle_square_hard_cases,5,20;20;26;26;29,3,5,121,12132,25,20,20,25,5,EXACT_KNOWN_COLOR_CLASS_ORDERING,higher_score_processed_earlier,data\processed\initial_graph_coloring_dataset\pyg_data_week18_controlled_mixed_exact\week18_controlled_mixed_join_5_c20_c20_c26_c26_c29.pt
week18_controlled_mixed_join_5_c20_c20_c20_c29_c35,train,mixed_join_of_cycle_square_hard_cases,5,20;20;20;29;35,3,5,124,12606,25,20,20,25,5,EXACT_KNOWN_COLOR_CLASS_ORDERING,higher_score_processed_earlier,data\processed\initial_graph_coloring_dataset\pyg_data_week18_controlled_mixed_exact\week18_controlled_mixed_join_5_c20_c20_c20_c29_c35.pt
week18_controlled_mixed_join_5_c20_c20_c26_c29_c29,train,mixed_join_of_cycle_square_hard_cases,5,20;20;26;29;29,3,5,124,12714,25,20,20,25,5,EXACT_KNOWN_COLOR_CLASS_ORDERING,higher_score_processed_earlier,data\processed\initial_graph_coloring_dataset\pyg_data_week18_controlled_mixed_exact\week18_controlled_mixed_join_5_c20_c20_c26_c29_c29.pt
week18_controlled_mixed_join_5_c20_c26_c26_c26_c26,train,mixed_join_of_cycle_square_hard_cases,5,20;26;26;26;26,2,5,124,12768,25,20,20,25,5,EXACT_KNOWN_COLOR_CLASS_ORDERING,higher_score_processed_earlier,data\processed\initial_graph_coloring_dataset\pyg_data_week18_controlled_mixed_exact\week18_controlled_mixed_join_5_c20_c26_c26_c26_c26.pt
week18_controlled_mixed_join_5_c20_c20_c26_c26_c35,train,mixed_join_of_cycle_square_hard_cases,5,20;20;26;26;35,3,5,127,13260,25,20,20,25,5,EXACT_KNOWN_COLOR_CLASS_ORDERING,higher_score_processed_earlier,data\processed\initial_graph_coloring_dataset\pyg_data_week18_controlled_mixed_exact\week18_controlled_mixed_join_5_c20_c20_c26_c26_c35.pt
week18_controlled_mixed_join_5_c20_c20_c29_c29_c29,train,mixed_join_of_cycle_square_hard_cases,5,20;20;29;29;29,2,5,127,13314,25,20,20,25,5,EXACT_KNOWN_COLOR_CLASS_ORDERING,higher_score_processed_earlier,data\processed\initial_graph_coloring_dataset\pyg_data_week18_controlled_mixed_exact\week18_controlled_mixed_join_5_c20_c20_c29_c29_c29.pt
week18_controlled_mixed_join_5_c20_c26_c26_c26_c29,train,mixed_join_of_cycle_square_hard_cases,5,20;26;26;26;29,3,5,127,13368,25,20,20,25,5,EXACT_KNOWN_COLOR_CLASS_ORDERING,higher_score_processed_earlier,data\processed\initial_graph_coloring_dataset\pyg_data_week18_controlled_mixed_exact\week18_controlled_mixed_join_5_c20_c26_c26_c26_c29.pt
week18_controlled_mixed_join_5_c20_c20_c20_c35_c35,train,mixed_join_of_cycle_square_hard_cases,5,20;20;20;35;35,2,5,130,13770,25,20,20,25,5,EXACT_KNOWN_COLOR_CLASS_ORDERING,higher_score_processed_earlier,data\processed\initial_graph_coloring_dataset\pyg_data_week18_controlled_mixed_exact\week18_controlled_mixed_join_5_c20_c20_c20_c35_c35.pt
week18_controlled_mixed_join_5_c20_c20_c26_c29_c35,train,mixed_join_of_cycle_square_hard_cases,5,20;20;26;29;35,4,5,130,13878,25,20,20,25,5,EXACT_KNOWN_COLOR_CLASS_ORDERING,higher_score_processed_earlier,data\processed\initial_graph_coloring_dataset\pyg_data_week18_controlled_mixed_exact\week18_controlled_mixed_join_5_c20_c20_c26_c29_c35.pt
week18_controlled_mixed_join_5_c20_c26_c26_c29_c29,train,mixed_join_of_cycle_square_hard_cases,5,20;26;26;29;29,3,5,130,13986,25,20,20,25,5,EXACT_KNOWN_COLOR_CLASS_ORDERING,higher_score_processed_earlier,data\processed\initial_graph_coloring_dataset\pyg_data_week18_controlled_mixed_exact\week18_controlled_mixed_join_5_c20_c26_c26_c29_c29.pt
week18_controlled_mixed_join_5_c20_c20_c29_c29_c35,train,mixed_join_of_cycle_square_hard_cases,5,20;20;29;29;35,3,5,133,14514,25,20,20,25,5,EXACT_KNOWN_COLOR_CLASS_ORDERING,higher_score_processed_earlier,data\processed\initial_graph_coloring_dataset\pyg_data_week18_controlled_mixed_exact\week18_controlled_mixed_join_5_c20_c20_c29_c29_c35.pt
week18_controlled_mixed_join_5_c20_c26_c26_c26_c35,train,mixed_join_of_cycle_square_hard_cases,5,20;26;26;26;35,3,5,133,14568,25,20,20,25,5,EXACT_KNOWN_COLOR_CLASS_ORDERING,higher_score_processed_earlier,data\processed\initial_graph_coloring_dataset\pyg_data_week18_controlled_mixed_exact\week18_controlled_mixed_join_5_c20_c26_c26_c26_c35.pt
week18_controlled_mixed_join_5_c20_c26_c29_c29_c29,train,mixed_join_of_cycle_square_hard_cases,5,20;26;29;29;29,3,5,133,14622,25,20,20,25,5,EXACT_KNOWN_COLOR_CLASS_ORDERING,higher_score_processed_earlier,data\processed\initial_graph_coloring_dataset\pyg_data_week18_controlled_mixed_exact\week18_controlled_mixed_join_5_c20_c26_c29_c29_c29.pt
week18_controlled_mixed_join_5_c26_c26_c26_c26_c29,train,mixed_join_of_cycle_square_hard_cases,5,26;26;26;26;29,2,5,133,14676,25,20,20,25,5,EXACT_KNOWN_COLOR_CLASS_ORDERING,higher_score_processed_earlier,data\processed\initial_graph_coloring_dataset\pyg_data_week18_controlled_mixed_exact\week18_controlled_mixed_join_5_c26_c26_c26_c26_c29.pt
week18_controlled_mixed_join_5_c20_c20_c26_c35_c35,train,mixed_join_of_cycle_square_hard_cases,5,20;20;26;35;35,3,5,136,15114,25,20,20,25,5,EXACT_KNOWN_COLOR_CLASS_ORDERING,higher_score_processed_earlier,data\processed\initial_graph_coloring_dataset\pyg_data_week18_controlled_mixed_exact\week18_controlled_mixed_join_5_c20_c20_c26_c35_c35.pt
week18_controlled_mixed_join_5_c20_c26_c26_c29_c35,train,mixed_join_of_cycle_square_hard_cases,5,20;26;26;29;35,4,5,136,15222,25,20,20,25,5,EXACT_KNOWN_COLOR_CLASS_ORDERING,higher_score_processed_earlier,data\processed\initial_graph_coloring_dataset\pyg_data_week18_controlled_mixed_exact\week18_controlled_mixed_join_5_c20_c26_c26_c29_c35.pt
week18_controlled_mixed_join_5_c20_c29_c29_c29_c29,train,mixed_join_of_cycle_square_hard_cases,5,20;29;29;29;29,2,5,136,15276,25,20,20,25,5,EXACT_KNOWN_COLOR_CLASS_ORDERING,higher_score_processed_earlier,data\processed\initial_graph_coloring_dataset\pyg_data_week18_controlled_mixed_exact\week18_controlled_mixed_join_5_c20_c29_c29_c29_c29.pt
week18_controlled_mixed_join_5_c26_c26_c26_c29_c29,train,mixed_join_of_cycle_square_hard_cases,5,26;26;26;29;29,2,5,136,15330,25,20,20,25,5,EXACT_KNOWN_COLOR_CLASS_ORDERING,higher_score_processed_earlier,data\processed\initial_graph_coloring_dataset\pyg_data_week18_controlled_mixed_exact\week18_controlled_mixed_join_5_c26_c26_c26_c29_c29.pt
week18_controlled_mixed_join_5_c20_c20_c29_c35_c35,train,mixed_join_of_cycle_square_hard_cases,5,20;20;29;35;35,3,5,139,15786,25,20,20,25,5,EXACT_KNOWN_COLOR_CLASS_ORDERING,higher_score_processed_earlier,data\processed\initial_graph_coloring_dataset\pyg_data_week18_controlled_mixed_exact\week18_controlled_mixed_join_5_c20_c20_c29_c35_c35.pt
week18_controlled_mixed_join_5_c20_c26_c29_c29_c35,train,mixed_join_of_cycle_square_hard_cases,5,20;26;29;29;35,4,5,139,15894,25,20,20,25,5,EXACT_KNOWN_COLOR_CLASS_ORDERING,higher_score_processed_earlier,data\processed\initial_graph_coloring_dataset\pyg_data_week18_controlled_mixed_exact\week18_controlled_mixed_join_5_c20_c26_c29_c29_c35.pt
week18_controlled_mixed_join_5_c26_c26_c26_c26_c35,train,mixed_join_of_cycle_square_hard_cases,5,26;26;26;26;35,2,5,139,15948,25,20,20,25,5,EXACT_KNOWN_COLOR_CLASS_ORDERING,higher_score_processed_earlier,data\processed\initial_graph_coloring_dataset\pyg_data_week18_controlled_mixed_exact\week18_controlled_mixed_join_5_c26_c26_c26_c26_c35.pt
week18_controlled_mixed_join_5_c26_c26_c29_c29_c29,train,mixed_join_of_cycle_square_hard_cases,5,26;26;29;29;29,2,5,139,16002,25,20,20,25,5,EXACT_KNOWN_COLOR_CLASS_ORDERING,higher_score_processed_earlier,data\processed\initial_graph_coloring_dataset\pyg_data_week18_controlled_mixed_exact\week18_controlled_mixed_join_5_c26_c26_c29_c29_c29.pt
week18_controlled_mixed_join_5_c20_c26_c26_c35_c35,train,mixed_join_of_cycle_square_hard_cases,5,20;26;26;35;35,3,5,142,16530,25,20,20,25,5,EXACT_KNOWN_COLOR_CLASS_ORDERING,higher_score_processed_earlier,data\processed\initial_graph_coloring_dataset\pyg_data_week18_controlled_mixed_exact\week18_controlled_mixed_join_5_c20_c26_c26_c35_c35.pt
week18_controlled_mixed_join_5_c20_c29_c29_c29_c35,train,mixed_join_of_cycle_square_hard_cases,5,20;29;29;29;35,3,5,142,16584,25,20,20,25,5,EXACT_KNOWN_COLOR_CLASS_ORDERING,higher_score_processed_earlier,data\processed\initial_graph_coloring_dataset\pyg_data_week18_controlled_mixed_exact\week18_controlled_mixed_join_5_c20_c29_c29_c29_c35.pt
week18_controlled_mixed_join_5_c26_c26_c26_c29_c35,train,mixed_join_of_cycle_square_hard_cases,5,26;26;26;29;35,3,5,142,16638,25,20,20,25,5,EXACT_KNOWN_COLOR_CLASS_ORDERING,higher_score_processed_earlier,data\processed\initial_graph_coloring_dataset\pyg_data_week18_controlled_mixed_exact\week18_controlled_mixed_join_5_c26_c26_c26_c29_c35.pt
week18_controlled_mixed_join_5_c26_c29_c29_c29_c29,train,mixed_join_of_cycle_square_hard_cases,5,26;29;29;29;29,2,5,142,16692,25,20,20,25,5,EXACT_KNOWN_COLOR_CLASS_ORDERING,higher_score_processed_earlier,data\processed\initial_graph_coloring_dataset\pyg_data_week18_controlled_mixed_exact\week18_controlled_mixed_join_5_c26_c29_c29_c29_c29.pt
week18_controlled_mixed_join_5_c20_c20_c35_c35_c35,train,mixed_join_of_cycle_square_hard_cases,5,20;20;35;35;35,2,5,145,17130,25,20,20,25,5,EXACT_KNOWN_COLOR_CLASS_ORDERING,higher_score_processed_earlier,data\processed\initial_graph_coloring_dataset\pyg_data_week18_controlled_mixed_exact\week18_controlled_mixed_join_5_c20_c20_c35_c35_c35.pt
week18_controlled_mixed_join_5_c20_c26_c29_c35_c35,train,mixed_join_of_cycle_square_hard_cases,5,20;26;29;35;35,4,5,145,17238,25,20,20,25,5,EXACT_KNOWN_COLOR_CLASS_ORDERING,higher_score_processed_earlier,data\processed\initial_graph_coloring_dataset\pyg_data_week18_controlled_mixed_exact\week18_controlled_mixed_join_5_c20_c26_c29_c35_c35.pt
week18_controlled_mixed_join_5_c26_c26_c29_c29_c35,train,mixed_join_of_cycle_square_hard_cases,5,26;26;29;29;35,3,5,145,17346,25,20,20,25,5,EXACT_KNOWN_COLOR_CLASS_ORDERING,higher_score_processed_earlier,data\processed\initial_graph_coloring_dataset\pyg_data_week18_controlled_mixed_exact\week18_controlled_mixed_join_5_c26_c26_c29_c29_c35.pt
week18_controlled_mixed_join_5_c20_c29_c29_c35_c35,train,mixed_join_of_cycle_square_hard_cases,5,20;29;29;35;35,3,5,148,17964,25,20,20,25,5,EXACT_KNOWN_COLOR_CLASS_ORDERING,higher_score_processed_earlier,data\processed\initial_graph_coloring_dataset\pyg_data_week18_controlled_mixed_exact\week18_controlled_mixed_join_5_c20_c29_c29_c35_c35.pt
week18_controlled_mixed_join_5_c26_c26_c26_c35_c35,train,mixed_join_of_cycle_square_hard_cases,5,26;26;26;35;35,2,5,148,18018,25,20,20,25,5,EXACT_KNOWN_COLOR_CLASS_ORDERING,higher_score_processed_earlier,data\processed\initial_graph_coloring_dataset\pyg_data_week18_controlled_mixed_exact\week18_controlled_mixed_join_5_c26_c26_c26_c35_c35.pt
week18_controlled_mixed_join_5_c26_c29_c29_c29_c35,train,mixed_join_of_cycle_square_hard_cases,5,26;29;29;29;35,3,5,148,18072,25,20,20,25,5,EXACT_KNOWN_COLOR_CLASS_ORDERING,higher_score_processed_earlier,data\processed\initial_graph_coloring_dataset\pyg_data_week18_controlled_mixed_exact\week18_controlled_mixed_join_5_c26_c29_c29_c29_c35.pt
week18_controlled_mixed_join_5_c20_c26_c35_c35_c35,train,mixed_join_of_cycle_square_hard_cases,5,20;26;35;35;35,3,5,151,18654,25,20,20,25,5,EXACT_KNOWN_COLOR_CLASS_ORDERING,higher_score_processed_earlier,data\processed\initial_graph_coloring_dataset\pyg_data_week18_controlled_mixed_exact\week18_controlled_mixed_join_5_c20_c26_c35_c35_c35.pt
week18_controlled_mixed_join_5_c26_c26_c29_c35_c35,train,mixed_join_of_cycle_square_hard_cases,5,26;26;29;35;35,3,5,151,18762,25,20,20,25,5,EXACT_KNOWN_COLOR_CLASS_ORDERING,higher_score_processed_earlier,data\processed\initial_graph_coloring_dataset\pyg_data_week18_controlled_mixed_exact\week18_controlled_mixed_join_5_c26_c26_c29_c35_c35.pt
week18_controlled_mixed_join_5_c29_c29_c29_c29_c35,train,mixed_join_of_cycle_square_hard_cases,5,29;29;29;29;35,2,5,151,18816,25,20,20,25,5,EXACT_KNOWN_COLOR_CLASS_ORDERING,higher_score_processed_earlier,data\processed\initial_graph_coloring_dataset\pyg_data_week18_controlled_mixed_exact\week18_controlled_mixed_join_5_c29_c29_c29_c29_c35.pt
week18_controlled_mixed_join_5_c20_c29_c35_c35_c35,train,mixed_join_of_cycle_square_hard_cases,5,20;29;35;35;35,3,5,154,19416,25,20,20,25,5,EXACT_KNOWN_COLOR_CLASS_ORDERING,higher_score_processed_earlier,data\processed\initial_graph_coloring_dataset\pyg_data_week18_controlled_mixed_exact\week18_controlled_mixed_join_5_c20_c29_c35_c35_c35.pt
week18_controlled_mixed_join_5_c26_c29_c29_c35_c35,train,mixed_join_of_cycle_square_hard_cases,5,26;29;29;35;35,3,5,154,19524,25,20,20,25,5,EXACT_KNOWN_COLOR_CLASS_ORDERING,higher_score_processed_earlier,data\processed\initial_graph_coloring_dataset\pyg_data_week18_controlled_mixed_exact\week18_controlled_mixed_join_5_c26_c29_c29_c35_c35.pt
week18_controlled_mixed_join_5_c26_c26_c35_c35_c35,train,mixed_join_of_cycle_square_hard_cases,5,26;26;35;35;35,2,5,157,20250,25,20,20,25,5,EXACT_KNOWN_COLOR_CLASS_ORDERING,higher_score_processed_earlier,data\processed\initial_graph_coloring_dataset\pyg_data_week18_controlled_mixed_exact\week18_controlled_mixed_join_5_c26_c26_c35_c35_c35.pt
week18_controlled_mixed_join_5_c29_c29_c29_c35_c35,train,mixed_join_of_cycle_square_hard_cases,5,29;29;29;35;35,2,5,157,20304,25,20,20,25,5,EXACT_KNOWN_COLOR_CLASS_ORDERING,higher_score_processed_earlier,data\processed\initial_graph_coloring_dataset\pyg_data_week18_controlled_mixed_exact\week18_controlled_mixed_join_5_c29_c29_c29_c35_c35.pt
week18_controlled_mixed_join_5_c20_c35_c35_c35_c35,train,mixed_join_of_cycle_square_hard_cases,5,20;35;35;35;35,2,5,160,20940,25,20,20,25,5,EXACT_KNOWN_COLOR_CLASS_ORDERING,higher_score_processed_earlier,data\processed\initial_graph_coloring_dataset\pyg_data_week18_controlled_mixed_exact\week18_controlled_mixed_join_5_c20_c35_c35_c35_c35.pt
week18_controlled_mixed_join_5_c26_c29_c35_c35_c35,train,mixed_join_of_cycle_square_hard_cases,5,26;29;35;35;35,3,5,160,21048,25,20,20,25,5,EXACT_KNOWN_COLOR_CLASS_ORDERING,higher_score_processed_earlier,data\processed\initial_graph_coloring_dataset\pyg_data_week18_controlled_mixed_exact\week18_controlled_mixed_join_5_c26_c29_c35_c35_c35.pt
week18_controlled_mixed_join_5_c29_c29_c35_c35_c35,train,mixed_join_of_cycle_square_hard_cases,5,29;29;35;35;35,2,5,163,21864,25,20,20,25,5,EXACT_KNOWN_COLOR_CLASS_ORDERING,higher_score_processed_earlier,data\processed\initial_graph_coloring_dataset\pyg_data_week18_controlled_mixed_exact\week18_controlled_mixed_join_5_c29_c29_c35_c35_c35.pt
week18_controlled_mixed_join_5_c26_c35_c35_c35_c35,train,mixed_join_of_cycle_square_hard_cases,5,26;35;35;35;35,2,5,166,22644,25,20,20,25,5,EXACT_KNOWN_COLOR_CLASS_ORDERING,higher_score_processed_earlier,data\processed\initial_graph_coloring_dataset\pyg_data_week18_controlled_mixed_exact\week18_controlled_mixed_join_5_c26_c35_c35_c35_c35.pt
week18_controlled_mixed_join_5_c29_c35_c35_c35_c35,train,mixed_join_of_cycle_square_hard_cases,5,29;35;35;35;35,2,5,169,23496,25,20,20,25,5,EXACT_KNOWN_COLOR_CLASS_ORDERING,higher_score_processed_earlier,data\processed\initial_graph_coloring_dataset\pyg_data_week18_controlled_mixed_exact\week18_controlled_mixed_join_5_c29_c35_c35_c35_c35.pt
